name,symbol,logoUrl
A1 CAPITAL YATIRIM MENKUL DEĞERLER A.Ş.,A1CAP,https://cdn.jsdelivr.net/gh/ahmeterenodaci/Istanbul-Stock-Exchange--BIST--including-symbols-and-logos/logos/A1CAP.png
ACISELSAN ACIPAYAM SELÜLOZ SANAYİ VE TİCARET A.Ş.,ACSEL,https://cdn.jsdelivr.net/gh/ahmeterenodaci/Istanbul-Stock-Exchange--BIST--including-symbols-and-logos/logos/ACSEL.png
ADEL KALEMCİLİK TİCARET VE SANAYİ A.Ş.,ADEL,https://cdn.jsdelivr.net/gh/ahmeterenodaci/Istanbul-Stock-Exchange--BIST--including-symbols-and-logos/logos/ADEL.png
ADESE GAYRİMENKUL YATIRIM A.Ş.,ADESE,https://cdn.jsdelivr.net/gh/ahmeterenodaci/Istanbul-Stock-Exchange--BIST--including-symbols-and-logos/logos/ADESE.png
ADRA GAYRİMENKUL YATIRIM ORTAKLIĞI A.Ş.,ADGYO,https://cdn.jsdelivr.net/gh/ahmeterenodaci/Istanbul-Stock-Exchange--BIST--including-symbols-and-logos/logos/ADGYO.png
ANADOLU EFES BİRACILIK VE MALT SANAYİİ A.Ş.,AEFES,https://cdn.jsdelivr.net/gh/ahmeterenodaci/Istanbul-Stock-Exchange--BIST--including-symbols-and-logos/logos/AEFES.png
AFYON ÇİMENTO SANAYİ T.A.Ş.,AFYON,https://cdn.jsdelivr.net/gh/ahmeterenodaci/Istanbul-Stock-Exchange--BIST--including-symbols-and-logos/logos/AFYON.png
AGESA HAYAT VE EMEKLİLİK A.Ş.,AGESA,https://cdn.jsdelivr.net/gh/ahmeterenodaci/Istanbul-Stock-Exchange--BIST--including-symbols-and-logos/logos/AGESA.png
AG ANADOLU GRUBU HOLDİNG A.Ş.,AGHOL,https://cdn.jsdelivr.net/gh/ahmeterenodaci/Istanbul-Stock-Exchange--BIST--including-symbols-and-logos/logos/AGHOL.png
ATAKULE GAYRİMENKUL YATIRIM ORTAKLIĞI A.Ş.,AGYO,https://cdn.jsdelivr.net/gh/ahmeterenodaci/Istanbul-Stock-Exchange--BIST--including-symbols-and-logos/logos/AGYO.png
AHLATCI DOĞAL GAZ DAĞITIM ENERJİ VE YATIRIM A.Ş.,AHGAZ,https://cdn.jsdelivr.net/gh/ahmeterenodaci/Istanbul-Stock-Exchange--BIST--including-symbols-and-logos/logos/AHGAZ.png
AKBANK T.A.Ş.,AKBNK,https://cdn.jsdelivr.net/gh/ahmeterenodaci/Istanbul-Stock-Exchange--BIST--including-symbols-and-logos/logos/AKBNK.png
AKÇANSA ÇİMENTO SANAYİ VE TİCARET A.Ş.,AKCNS,https://cdn.jsdelivr.net/gh/ahmeterenodaci/Istanbul-Stock-Exchange--BIST--including-symbols-and-logos/logos/AKCNS.png
AKENERJİ ELEKTRİK ÜRETİM A.Ş.,AKENR,https://cdn.jsdelivr.net/gh/ahmeterenodaci/Istanbul-Stock-Exchange--BIST--including-symbols-and-logos/logos/AKENR.png
AKFEN GAYRİMENKUL YATIRIM ORTAKLIĞI A.Ş.,AKFGY,https://cdn.jsdelivr.net/gh/ahmeterenodaci/Istanbul-Stock-Exchange--BIST--including-symbols-and-logos/logos/AKFGY.png
AKFEN YENİLENEBİLİR ENERJİ A.Ş.,AKFYE,https://cdn.jsdelivr.net/gh/ahmeterenodaci/Istanbul-Stock-Exchange--BIST--including-symbols-and-logos/logos/AKFYE.png
AKSİGORTA A.Ş.,AKGRT,https://cdn.jsdelivr.net/gh/ahmeterenodaci/Istanbul-Stock-Exchange--BIST--including-symbols-and-logos/logos/AKGRT.png
AKMERKEZ GAYRİMENKUL YATIRIM ORTAKLIĞI A.Ş.,AKMGY,https://cdn.jsdelivr.net/gh/ahmeterenodaci/Istanbul-Stock-Exchange--BIST--including-symbols-and-logos/logos/AKMGY.png
AKSA AKRİLİK KİMYA SANAYİİ A.Ş.,AKSA,https://cdn.jsdelivr.net/gh/ahmeterenodaci/Istanbul-Stock-Exchange--BIST--including-symbols-and-logos/logos/AKSA.png
AKSA ENERJİ ÜRETİM A.Ş.,AKSEN,https://cdn.jsdelivr.net/gh/ahmeterenodaci/Istanbul-Stock-Exchange--BIST--including-symbols-and-logos/logos/AKSEN.png
AKİŞ GAYRİMENKUL YATIRIM ORTAKLIĞI A.Ş.,AKSGY,https://cdn.jsdelivr.net/gh/ahmeterenodaci/Istanbul-Stock-Exchange--BIST--including-symbols-and-logos/logos/AKSGY.png
AKSU ENERJİ VE TİCARET A.Ş.,AKSUE,https://cdn.jsdelivr.net/gh/ahmeterenodaci/Istanbul-Stock-Exchange--BIST--including-symbols-and-logos/logos/AKSUE.png
AKDENİZ YATIRIM HOLDİNG A.Ş.,AKYHO,https://cdn.jsdelivr.net/gh/ahmeterenodaci/Istanbul-Stock-Exchange--BIST--including-symbols-and-logos/logos/AKYHO.png
ALARKO HOLDİNG A.Ş.,ALARK,https://cdn.jsdelivr.net/gh/ahmeterenodaci/Istanbul-Stock-Exchange--BIST--including-symbols-and-logos/logos/ALARK.png
ALBARAKA TÜRK KATILIM BANKASI A.Ş.,ALBRK,https://cdn.jsdelivr.net/gh/ahmeterenodaci/Istanbul-Stock-Exchange--BIST--including-symbols-and-logos/logos/ALBRK.png
ALARKO CARRIER SANAYİ VE TİCARET A.Ş.,ALCAR,https://cdn.jsdelivr.net/gh/ahmeterenodaci/Istanbul-Stock-Exchange--BIST--including-symbols-and-logos/logos/ALCAR.png
ALCATEL LUCENT TELETAŞ TELEKOMÜNİKASYON A.Ş.,ALCTL,https://cdn.jsdelivr.net/gh/ahmeterenodaci/Istanbul-Stock-Exchange--BIST--including-symbols-and-logos/logos/ALCTL.png
ALFA SOLAR ENERJİ SANAYİ VE TİCARET A.Ş.,ALFAS,https://cdn.jsdelivr.net/gh/ahmeterenodaci/Istanbul-Stock-Exchange--BIST--including-symbols-and-logos/logos/ALFAS.png
ALARKO GAYRİMENKUL YATIRIM ORTAKLIĞI A.Ş.,ALGYO,https://cdn.jsdelivr.net/gh/ahmeterenodaci/Istanbul-Stock-Exchange--BIST--including-symbols-and-logos/logos/ALGYO.png
ALKİM KAĞIT SANAYİ VE TİCARET A.Ş.,ALKA,https://cdn.jsdelivr.net/gh/ahmeterenodaci/Istanbul-Stock-Exchange--BIST--including-symbols-and-logos/logos/ALKA.png
ALKİM ALKALİ KİMYA A.Ş.,ALKIM,https://cdn.jsdelivr.net/gh/ahmeterenodaci/Istanbul-Stock-Exchange--BIST--including-symbols-and-logos/logos/ALKIM.png
ALTINYAĞ MADENCİLİK VE ENERJİ YATIRIMLARI SANAYİ VE TİCARET A.Ş.,ALMAD,https://cdn.jsdelivr.net/gh/ahmeterenodaci/Istanbul-Stock-Exchange--BIST--including-symbols-and-logos/logos/ALMAD.png
ANEL ELEKTRİK PROJE TAAHHÜT VE TİCARET A.Ş.,ANELE,https://cdn.jsdelivr.net/gh/ahmeterenodaci/Istanbul-Stock-Exchange--BIST--including-symbols-and-logos/logos/ANELE.png
ANATOLİA TANI VE BİYOTEKNOLOJİ ÜRÜNLERİ ARAŞTIRMA GELİŞTİRME SANAYİ VE TİCARET A.Ş.,ANGEN,https://cdn.jsdelivr.net/gh/ahmeterenodaci/Istanbul-Stock-Exchange--BIST--including-symbols-and-logos/logos/ANGEN.png
ANADOLU HAYAT EMEKLİLİK A.Ş.,ANHYT,https://cdn.jsdelivr.net/gh/ahmeterenodaci/Istanbul-Stock-Exchange--BIST--including-symbols-and-logos/logos/ANHYT.png
ANADOLU ANONİM TÜRK SİGORTA ŞİRKETİ,ANSGR,https://cdn.jsdelivr.net/gh/ahmeterenodaci/Istanbul-Stock-Exchange--BIST--including-symbols-and-logos/logos/ANSGR.png
DOĞU ARAS ENERJİ YATIRIMLARI A.Ş.,ARASE,https://cdn.jsdelivr.net/gh/ahmeterenodaci/Istanbul-Stock-Exchange--BIST--including-symbols-and-logos/logos/ARASE.png
ARÇELİK A.Ş.,ARCLK,https://cdn.jsdelivr.net/gh/ahmeterenodaci/Istanbul-Stock-Exchange--BIST--including-symbols-and-logos/logos/ARCLK.png
ARD GRUP BİLİŞİM TEKNOLOJİLERİ A.Ş.,ARDYZ,https://cdn.jsdelivr.net/gh/ahmeterenodaci/Istanbul-Stock-Exchange--BIST--including-symbols-and-logos/logos/ARDYZ.png
ARENA BİLGİSAYAR SANAYİ VE TİCARET A.Ş.,ARENA,https://cdn.jsdelivr.net/gh/ahmeterenodaci/Istanbul-Stock-Exchange--BIST--including-symbols-and-logos/logos/ARENA.png
ARSAN TEKSTİL TİCARET VE SANAYİ A.Ş.,ARSAN,https://cdn.jsdelivr.net/gh/ahmeterenodaci/Istanbul-Stock-Exchange--BIST--including-symbols-and-logos/logos/ARSAN.png
ARZUM ELEKTRİKLİ EV ALETLERİ SANAYİ VE TİCARET A.Ş.,ARZUM,https://cdn.jsdelivr.net/gh/ahmeterenodaci/Istanbul-Stock-Exchange--BIST--including-symbols-and-logos/logos/ARZUM.png
ASELSAN ELEKTRONİK SANAYİ VE TİCARET A.Ş.,ASELS,https://cdn.jsdelivr.net/gh/ahmeterenodaci/Istanbul-Stock-Exchange--BIST--including-symbols-and-logos/logos/ASELS.png
ASCE GAYRİMENKUL YATIRIM ORTAKLIĞI A.Ş.,ASGYO,https://cdn.jsdelivr.net/gh/ahmeterenodaci/Istanbul-Stock-Exchange--BIST--including-symbols-and-logos/logos/ASGYO.png
ASTOR ENERJİ A.Ş.,ASTOR,https://cdn.jsdelivr.net/gh/ahmeterenodaci/Istanbul-Stock-Exchange--BIST--including-symbols-and-logos/logos/ASTOR.png
ANADOLU ISUZU OTOMOTİV SANAYİ VE TİCARET A.Ş.,ASUZU,https://cdn.jsdelivr.net/gh/ahmeterenodaci/Istanbul-Stock-Exchange--BIST--including-symbols-and-logos/logos/ASUZU.png
ATA GAYRİMENKUL YATIRIM ORTAKLIĞI A.Ş.,ATAGY,https://cdn.jsdelivr.net/gh/ahmeterenodaci/Istanbul-Stock-Exchange--BIST--including-symbols-and-logos/logos/ATAGY.png
ATAKEY PATATES GIDA SANAYİ VE TİCARET A.Ş.,ATAKP,https://cdn.jsdelivr.net/gh/ahmeterenodaci/Istanbul-Stock-Exchange--BIST--including-symbols-and-logos/logos/ATAKP.png
ATP YAZILIM VE TEKNOLOJİ A.Ş.,ATATP,https://cdn.jsdelivr.net/gh/ahmeterenodaci/Istanbul-Stock-Exchange--BIST--including-symbols-and-logos/logos/ATATP.png
AKIN TEKSTİL A.Ş.,ATEKS,https://cdn.jsdelivr.net/gh/ahmeterenodaci/Istanbul-Stock-Exchange--BIST--including-symbols-and-logos/logos/ATEKS.png
ATLAS MENKUL KIYMETLER YATIRIM ORTAKLIĞI A.Ş.,ATLAS,https://cdn.jsdelivr.net/gh/ahmeterenodaci/Istanbul-Stock-Exchange--BIST--including-symbols-and-logos/logos/ATLAS.png
ATLANTİS YATIRIM HOLDİNG A.Ş.,ATSYH,https://cdn.jsdelivr.net/gh/ahmeterenodaci/Istanbul-Stock-Exchange--BIST--including-symbols-and-logos/logos/ATSYH.png
AVRASYA GAYRİMENKUL YATIRIM ORTAKLIĞI A.Ş.,AVGYO,https://cdn.jsdelivr.net/gh/ahmeterenodaci/Istanbul-Stock-Exchange--BIST--including-symbols-and-logos/logos/AVGYO.png
AVRUPA YATIRIM HOLDİNG A.Ş.,AVHOL,https://cdn.jsdelivr.net/gh/ahmeterenodaci/Istanbul-Stock-Exchange--BIST--including-symbols-and-logos/logos/AVHOL.png
A.V.O.D. KURUTULMUŞ GIDA VE TARIM ÜRÜNLERİ SANAYİ TİCARET A.Ş.,AVOD,https://cdn.jsdelivr.net/gh/ahmeterenodaci/Istanbul-Stock-Exchange--BIST--including-symbols-and-logos/logos/AVOD.png
AVRASYA PETROL VE TURİSTİK TESİSLER YATIRIMLAR A.Ş.,AVTUR,https://cdn.jsdelivr.net/gh/ahmeterenodaci/Istanbul-Stock-Exchange--BIST--including-symbols-and-logos/logos/AVTUR.png
ALTIN YUNUS ÇEŞME TURİSTİK TESİSLER A.Ş.,AYCES,https://cdn.jsdelivr.net/gh/ahmeterenodaci/Istanbul-Stock-Exchange--BIST--including-symbols-and-logos/logos/AYCES.png
AYDEM YENİLENEBİLİR ENERJİ A.Ş.,AYDEM,https://cdn.jsdelivr.net/gh/ahmeterenodaci/Istanbul-Stock-Exchange--BIST--including-symbols-and-logos/logos/AYDEM.png
AYEN ENERJİ A.Ş.,AYEN,https://cdn.jsdelivr.net/gh/ahmeterenodaci/Istanbul-Stock-Exchange--BIST--including-symbols-and-logos/logos/AYEN.png
AYES ÇELİK HASIR VE ÇİT SANAYİ A.Ş.,AYES,https://cdn.jsdelivr.net/gh/ahmeterenodaci/Istanbul-Stock-Exchange--BIST--including-symbols-and-logos/logos/AYES.png
AYGAZ A.Ş.,AYGAZ,https://cdn.jsdelivr.net/gh/ahmeterenodaci/Istanbul-Stock-Exchange--BIST--including-symbols-and-logos/logos/AYGAZ.png
AZTEK TEKNOLOJİ ÜRÜNLERİ TİCARET A.Ş.,AZTEK,https://cdn.jsdelivr.net/gh/ahmeterenodaci/Istanbul-Stock-Exchange--BIST--including-symbols-and-logos/logos/AZTEK.png
BAGFAŞ BANDIRMA GÜBRE FABRİKALARI A.Ş.,BAGFS,https://cdn.jsdelivr.net/gh/ahmeterenodaci/Istanbul-Stock-Exchange--BIST--including-symbols-and-logos/logos/BAGFS.png
BAK AMBALAJ SANAYİ VE TİCARET A.Ş.,BAKAB,https://cdn.jsdelivr.net/gh/ahmeterenodaci/Istanbul-Stock-Exchange--BIST--including-symbols-and-logos/logos/BAKAB.png
BALATACILAR BALATACILIK SANAYİ VE TİCARET A.Ş.,BALAT,https://cdn.jsdelivr.net/gh/ahmeterenodaci/Istanbul-Stock-Exchange--BIST--including-symbols-and-logos/logos/BALAT.png
BANVİT BANDIRMA VİTAMİNLİ YEM SANAYİİ A.Ş.,BANVT,https://cdn.jsdelivr.net/gh/ahmeterenodaci/Istanbul-Stock-Exchange--BIST--including-symbols-and-logos/logos/BANVT.png
BAREM AMBALAJ SANAYİ VE TİCARET A.Ş.,BARMA,https://cdn.jsdelivr.net/gh/ahmeterenodaci/Istanbul-Stock-Exchange--BIST--including-symbols-and-logos/logos/BARMA.png
BAŞTAŞ BAŞKENT ÇİMENTO SANAYİ VE TİCARET A.Ş.,BASCM,https://cdn.jsdelivr.net/gh/ahmeterenodaci/Istanbul-Stock-Exchange--BIST--including-symbols-and-logos/logos/BASCM.png
BAŞKENT DOĞALGAZ DAĞITIM GAYRİMENKUL YATIRIM ORTAKLIĞI A.Ş.,BASGZ,https://cdn.jsdelivr.net/gh/ahmeterenodaci/Istanbul-Stock-Exchange--BIST--including-symbols-and-logos/logos/BASGZ.png
BAYRAK EBT TABAN SANAYİ VE TİCARET A.Ş.,BAYRK,https://cdn.jsdelivr.net/gh/ahmeterenodaci/Istanbul-Stock-Exchange--BIST--including-symbols-and-logos/logos/BAYRK.png
BERA HOLDİNG A.Ş.,BERA,https://cdn.jsdelivr.net/gh/ahmeterenodaci/Istanbul-Stock-Exchange--BIST--including-symbols-and-logos/logos/BERA.png
BEYAZ FİLO OTO KİRALAMA A.Ş.,BEYAZ,https://cdn.jsdelivr.net/gh/ahmeterenodaci/Istanbul-Stock-Exchange--BIST--including-symbols-and-logos/logos/BEYAZ.png
BOSCH FREN SİSTEMLERİ SANAYİ VE TİCARET A.Ş.,BFREN,https://cdn.jsdelivr.net/gh/ahmeterenodaci/Istanbul-Stock-Exchange--BIST--including-symbols-and-logos/logos/BFREN.png
BİEN YAPI ÜRÜNLERİ SANAYİ TURİZM VE TİCARET A.Ş.,BIENY,https://cdn.jsdelivr.net/gh/ahmeterenodaci/Istanbul-Stock-Exchange--BIST--including-symbols-and-logos/logos/BIENY.png
BÜYÜK ŞEFLER GIDA TURİZM TEKSTİL DANIŞMANLIK ORGANİZASYON EĞİTİM SANAYİ VE TİCARET A.Ş.,BIGCH,https://cdn.jsdelivr.net/gh/ahmeterenodaci/Istanbul-Stock-Exchange--BIST--including-symbols-and-logos/logos/BIGCH.png
BİM BİRLEŞİK MAĞAZALAR A.Ş.,BIMAS,https://cdn.jsdelivr.net/gh/ahmeterenodaci/Istanbul-Stock-Exchange--BIST--including-symbols-and-logos/logos/BIMAS.png
BİOTREND ÇEVRE VE ENERJİ YATIRIMLARI A.Ş.,BIOEN,https://cdn.jsdelivr.net/gh/ahmeterenodaci/Istanbul-Stock-Exchange--BIST--including-symbols-and-logos/logos/BIOEN.png
BİZİM TOPTAN SATIŞ MAĞAZALARI A.Ş.,BIZIM,https://cdn.jsdelivr.net/gh/ahmeterenodaci/Istanbul-Stock-Exchange--BIST--including-symbols-and-logos/logos/BIZIM.png
BİLİCİ YATIRIM SANAYİ VE TİCARET A.Ş.,BLCYT,https://cdn.jsdelivr.net/gh/ahmeterenodaci/Istanbul-Stock-Exchange--BIST--including-symbols-and-logos/logos/BLCYT.png
BMS ÇELİK HASIR SANAYİ VE TİCARET A.Ş.,BMSCH,https://cdn.jsdelivr.net/gh/ahmeterenodaci/Istanbul-Stock-Exchange--BIST--including-symbols-and-logos/logos/BMSCH.png
BMS BİRLEŞİK METAL SANAYİ VE TİCARET A.Ş.,BMSTL,https://cdn.jsdelivr.net/gh/ahmeterenodaci/Istanbul-Stock-Exchange--BIST--including-symbols-and-logos/logos/BMSTL.png
BANTAŞ BANDIRMA AMBALAJ SANAYİ TİCARET A.Ş.,BNTAS,https://cdn.jsdelivr.net/gh/ahmeterenodaci/Istanbul-Stock-Exchange--BIST--including-symbols-and-logos/logos/BNTAS.png
BOĞAZİÇİ BETON SANAYİ VE TİCARET A.Ş.,BOBET,https://cdn.jsdelivr.net/gh/ahmeterenodaci/Istanbul-Stock-Exchange--BIST--including-symbols-and-logos/logos/BOBET.png
BOSSA TİCARET VE SANAYİ İŞLETMELERİ T.A.Ş.,BOSSA,https://cdn.jsdelivr.net/gh/ahmeterenodaci/Istanbul-Stock-Exchange--BIST--including-symbols-and-logos/logos/BOSSA.png
BRİSA BRIDGESTONE SABANCI LASTİK SANAYİ VE TİCARET A.Ş.,BRISA,https://cdn.jsdelivr.net/gh/ahmeterenodaci/Istanbul-Stock-Exchange--BIST--including-symbols-and-logos/logos/BRISA.png
BİRKO BİRLEŞİK KOYUNLULULAR MENSUCAT TİCARET VE SANAYİ A.Ş.,BRKO,https://cdn.jsdelivr.net/gh/ahmeterenodaci/Istanbul-Stock-Exchange--BIST--including-symbols-and-logos/logos/BRKO.png
BERKOSAN YALITIM VE TECRİT MADDELERİ ÜRETİM VE TİCARET A.Ş.,BRKSN,https://cdn.jsdelivr.net/gh/ahmeterenodaci/Istanbul-Stock-Exchange--BIST--including-symbols-and-logos/logos/BRKSN.png
BİRİKİM VARLIK YÖNETİM A.Ş.,BRKVY,https://cdn.jsdelivr.net/gh/ahmeterenodaci/Istanbul-Stock-Exchange--BIST--including-symbols-and-logos/logos/BRKVY.png
BİRLEŞİM MÜHENDİSLİK ISITMA SOĞUTMA HAVALANDIRMA SANAYİ VE TİCARET A.Ş.,BRLSM,https://cdn.jsdelivr.net/gh/ahmeterenodaci/Istanbul-Stock-Exchange--BIST--including-symbols-and-logos/logos/BRLSM.png
BİRLİK MENSUCAT TİCARET VE SANAYİ İŞLETMESİ A.Ş.,BRMEN,https://cdn.jsdelivr.net/gh/ahmeterenodaci/Istanbul-Stock-Exchange--BIST--including-symbols-and-logos/logos/BRMEN.png
BORUSAN MANNESMANN BORU SANAYİ VE TİCARET A.Ş.,BRSAN,https://cdn.jsdelivr.net/gh/ahmeterenodaci/Istanbul-Stock-Exchange--BIST--including-symbols-and-logos/logos/BRSAN.png
BORUSAN YATIRIM VE PAZARLAMA A.Ş.,BRYAT,https://cdn.jsdelivr.net/gh/ahmeterenodaci/Istanbul-Stock-Exchange--BIST--including-symbols-and-logos/logos/BRYAT.png
BATISÖKE SÖKE ÇİMENTO SANAYİİ T.A.Ş.,BSOKE,https://cdn.jsdelivr.net/gh/ahmeterenodaci/Istanbul-Stock-Exchange--BIST--including-symbols-and-logos/logos/BSOKE.png
BATIÇİM BATI ANADOLU ÇİMENTO SANAYİİ A.Ş.,BTCIM,https://cdn.jsdelivr.net/gh/ahmeterenodaci/Istanbul-Stock-Exchange--BIST--including-symbols-and-logos/logos/BTCIM.png
BURSA ÇİMENTO FABRİKASI A.Ş.,BUCIM,https://cdn.jsdelivr.net/gh/ahmeterenodaci/Istanbul-Stock-Exchange--BIST--including-symbols-and-logos/logos/BUCIM.png
BURÇELİK BURSA ÇELİK DÖKÜM SANAYİİ A.Ş.,BURCE,https://cdn.jsdelivr.net/gh/ahmeterenodaci/Istanbul-Stock-Exchange--BIST--including-symbols-and-logos/logos/BURCE.png
BURÇELİK VANA SANAYİ VE TİCARET A.Ş.,BURVA,https://cdn.jsdelivr.net/gh/ahmeterenodaci/Istanbul-Stock-Exchange--BIST--including-symbols-and-logos/logos/BURVA.png
BÜLBÜLOĞLU VİNÇ SANAYİ VE TİCARET A.Ş.,BVSAN,https://cdn.jsdelivr.net/gh/ahmeterenodaci/Istanbul-Stock-Exchange--BIST--including-symbols-and-logos/logos/BVSAN.png
BAYDÖNER RESTORANLARI A.Ş.,BYDNR,https://cdn.jsdelivr.net/gh/ahmeterenodaci/Istanbul-Stock-Exchange--BIST--including-symbols-and-logos/logos/BYDNR.png
ÇAN2 TERMİK A.Ş.,CANTE,https://cdn.jsdelivr.net/gh/ahmeterenodaci/Istanbul-Stock-Exchange--BIST--including-symbols-and-logos/logos/CANTE.png
CASA EMTİA PETROL KİMYEVİ VE TÜREVLERİ SANAYİ TİCARET A.Ş.,CASA,https://cdn.jsdelivr.net/gh/ahmeterenodaci/Istanbul-Stock-Exchange--BIST--including-symbols-and-logos/logos/CASA.png
COCA-COLA İÇECEK A.Ş.,CCOLA,https://cdn.jsdelivr.net/gh/ahmeterenodaci/Istanbul-Stock-Exchange--BIST--including-symbols-and-logos/logos/CCOLA.png
ÇELİK HALAT VE TEL SANAYİİ A.Ş.,CELHA,https://cdn.jsdelivr.net/gh/ahmeterenodaci/Istanbul-Stock-Exchange--BIST--including-symbols-and-logos/logos/CELHA.png
ÇEMAŞ DÖKÜM SANAYİ A.Ş.,CEMAS,https://cdn.jsdelivr.net/gh/ahmeterenodaci/Istanbul-Stock-Exchange--BIST--including-symbols-and-logos/logos/CEMAS.png
ÇEMTAŞ ÇELİK MAKİNA SANAYİ VE TİCARET A.Ş.,CEMTS,https://cdn.jsdelivr.net/gh/ahmeterenodaci/Istanbul-Stock-Exchange--BIST--including-symbols-and-logos/logos/CEMTS.png
CEO EVENT MEDYA A.Ş.,CEOEM,https://cdn.jsdelivr.net/gh/ahmeterenodaci/Istanbul-Stock-Exchange--BIST--including-symbols-and-logos/logos/CEOEM.png
ÇİMSA ÇİMENTO SANAYİ VE TİCARET A.Ş.,CIMSA,https://cdn.jsdelivr.net/gh/ahmeterenodaci/Istanbul-Stock-Exchange--BIST--including-symbols-and-logos/logos/CIMSA.png
ÇELEBİ HAVA SERVİSİ A.Ş.,CLEBI,https://cdn.jsdelivr.net/gh/ahmeterenodaci/Istanbul-Stock-Exchange--BIST--including-symbols-and-logos/logos/CLEBI.png
ÇİMBETON HAZIRBETON VE PREFABRİK YAPI ELEMANLARI SANAYİ VE TİCARET A.Ş.,CMBTN,https://cdn.jsdelivr.net/gh/ahmeterenodaci/Istanbul-Stock-Exchange--BIST--including-symbols-and-logos/logos/CMBTN.png
ÇİMENTAŞ İZMİR ÇİMENTO FABRİKASI T.A.Ş.,CMENT,https://cdn.jsdelivr.net/gh/ahmeterenodaci/Istanbul-Stock-Exchange--BIST--including-symbols-and-logos/logos/CMENT.png
CONSUS ENERJİ İŞLETMECİLİĞİ VE HİZMETLERİ A.Ş.,CONSE,https://cdn.jsdelivr.net/gh/ahmeterenodaci/Istanbul-Stock-Exchange--BIST--including-symbols-and-logos/logos/CONSE.png
COSMOS YATIRIM HOLDİNG A.Ş.,COSMO,https://cdn.jsdelivr.net/gh/ahmeterenodaci/Istanbul-Stock-Exchange--BIST--including-symbols-and-logos/logos/COSMO.png
CREDITWEST FAKTORİNG A.Ş.,CRDFA,https://cdn.jsdelivr.net/gh/ahmeterenodaci/Istanbul-Stock-Exchange--BIST--including-symbols-and-logos/logos/CRDFA.png
CARREFOURSA CARREFOUR SABANCI TİCARET MERKEZİ A.Ş.,CRFSA,https://cdn.jsdelivr.net/gh/ahmeterenodaci/Istanbul-Stock-Exchange--BIST--including-symbols-and-logos/logos/CRFSA.png
ÇUHADAROĞLU METAL SANAYİ VE PAZARLAMA A.Ş.,CUSAN,https://cdn.jsdelivr.net/gh/ahmeterenodaci/Istanbul-Stock-Exchange--BIST--including-symbols-and-logos/logos/CUSAN.png
CVK MADEN İŞLETMELERİ SANAYİ VE TİCARET A.Ş.,CVKMD,https://cdn.jsdelivr.net/gh/ahmeterenodaci/Istanbul-Stock-Exchange--BIST--including-symbols-and-logos/logos/CVKMD.png
CW ENERJİ MÜHENDİSLİK TİCARET VE SANAYİ A.Ş.,CWENE,https://cdn.jsdelivr.net/gh/ahmeterenodaci/Istanbul-Stock-Exchange--BIST--including-symbols-and-logos/logos/CWENE.png
DAGİ YATIRIM HOLDİNG A.Ş.,DAGHL,https://cdn.jsdelivr.net/gh/ahmeterenodaci/Istanbul-Stock-Exchange--BIST--including-symbols-and-logos/logos/DAGHL.png
DAGİ GİYİM SANAYİ VE TİCARET A.Ş.,DAGI,https://cdn.jsdelivr.net/gh/ahmeterenodaci/Istanbul-Stock-Exchange--BIST--including-symbols-and-logos/logos/DAGI.png
DAP GAYRİMENKUL GELİŞTİRME A.Ş.,DAPGM,https://cdn.jsdelivr.net/gh/ahmeterenodaci/Istanbul-Stock-Exchange--BIST--including-symbols-and-logos/logos/DAPGM.png
DARDANEL ÖNENTAŞ GIDA SANAYİ A.Ş.,DARDL,https://cdn.jsdelivr.net/gh/ahmeterenodaci/Istanbul-Stock-Exchange--BIST--including-symbols-and-logos/logos/DARDL.png
DENGE YATIRIM HOLDİNG A.Ş.,DENGE,https://cdn.jsdelivr.net/gh/ahmeterenodaci/Istanbul-Stock-Exchange--BIST--including-symbols-and-logos/logos/DENGE.png
DERLÜKS YATIRIM HOLDİNG A.Ş.,DERHL,https://cdn.jsdelivr.net/gh/ahmeterenodaci/Istanbul-Stock-Exchange--BIST--including-symbols-and-logos/logos/DERHL.png
DERİMOD KONFEKSİYON AYAKKABI DERİ SANAYİ VE TİCARET A.Ş.,DERIM,https://cdn.jsdelivr.net/gh/ahmeterenodaci/Istanbul-Stock-Exchange--BIST--including-symbols-and-logos/logos/DERIM.png
DESA DERİ SANAYİ VE TİCARET A.Ş.,DESA,https://cdn.jsdelivr.net/gh/ahmeterenodaci/Istanbul-Stock-Exchange--BIST--including-symbols-and-logos/logos/DESA.png
DESPEC BİLGİSAYAR PAZARLAMA VE TİCARET A.Ş.,DESPC,https://cdn.jsdelivr.net/gh/ahmeterenodaci/Istanbul-Stock-Exchange--BIST--including-symbols-and-logos/logos/DESPC.png
DEVA HOLDİNG A.Ş.,DEVA,https://cdn.jsdelivr.net/gh/ahmeterenodaci/Istanbul-Stock-Exchange--BIST--including-symbols-and-logos/logos/DEVA.png
DATAGATE BİLGİSAYAR MALZEMELERİ TİCARET A.Ş.,DGATE,https://cdn.jsdelivr.net/gh/ahmeterenodaci/Istanbul-Stock-Exchange--BIST--including-symbols-and-logos/logos/DGATE.png
DOĞUŞ GAYRİMENKUL YATIRIM ORTAKLIĞI A.Ş.,DGGYO,https://cdn.jsdelivr.net/gh/ahmeterenodaci/Istanbul-Stock-Exchange--BIST--including-symbols-and-logos/logos/DGGYO.png
DOĞANLAR MOBİLYA GRUBU İMALAT SANAYİ VE TİCARET A.Ş.,DGNMO,https://cdn.jsdelivr.net/gh/ahmeterenodaci/Istanbul-Stock-Exchange--BIST--including-symbols-and-logos/logos/DGNMO.png
DİRİTEKS DİRİLİŞ TEKSTİL SANAYİ VE TİCARET A.Ş.,DIRIT,https://cdn.jsdelivr.net/gh/ahmeterenodaci/Istanbul-Stock-Exchange--BIST--including-symbols-and-logos/logos/DIRIT.png
DİTAŞ DOĞAN YEDEK PARÇA İMALAT VE TEKNİK A.Ş.,DITAS,https://cdn.jsdelivr.net/gh/ahmeterenodaci/Istanbul-Stock-Exchange--BIST--including-symbols-and-logos/logos/DITAS.png
DMR UNLU MAMULLER ÜRETİM GIDA TOPTAN PERAKENDE İHRACAT A.Ş.,DMRGD,https://cdn.jsdelivr.net/gh/ahmeterenodaci/Istanbul-Stock-Exchange--BIST--including-symbols-and-logos/logos/DMRGD.png
DEMİSAŞ DÖKÜM EMAYE MAMÜLLERİ SANAYİ A.Ş.,DMSAS,https://cdn.jsdelivr.net/gh/ahmeterenodaci/Istanbul-Stock-Exchange--BIST--including-symbols-and-logos/logos/DMSAS.png
DİNAMİK ISI MAKİNA YALITIM MALZEMELERİ SANAYİ VE TİCARET A.Ş.,DNISI,https://cdn.jsdelivr.net/gh/ahmeterenodaci/Istanbul-Stock-Exchange--BIST--including-symbols-and-logos/logos/DNISI.png
DOĞUŞ OTOMOTİV SERVİS VE TİCARET A.Ş.,DOAS,https://cdn.jsdelivr.net/gh/ahmeterenodaci/Istanbul-Stock-Exchange--BIST--including-symbols-and-logos/logos/DOAS.png
DOĞAN BURDA DERGİ YAYINCILIK VE PAZARLAMA A.Ş.,DOBUR,https://cdn.jsdelivr.net/gh/ahmeterenodaci/Istanbul-Stock-Exchange--BIST--including-symbols-and-logos/logos/DOBUR.png
DOĞUSAN BORU SANAYİİ VE TİCARET A.Ş.,DOGUB,https://cdn.jsdelivr.net/gh/ahmeterenodaci/Istanbul-Stock-Exchange--BIST--including-symbols-and-logos/logos/DOGUB.png
DOĞAN ŞİRKETLER GRUBU HOLDİNG A.Ş.,DOHOL,https://cdn.jsdelivr.net/gh/ahmeterenodaci/Istanbul-Stock-Exchange--BIST--including-symbols-and-logos/logos/DOHOL.png
DÖKTAŞ DÖKÜMCÜLÜK TİCARET VE SANAYİ A.Ş.,DOKTA,https://cdn.jsdelivr.net/gh/ahmeterenodaci/Istanbul-Stock-Exchange--BIST--including-symbols-and-logos/logos/DOKTA.png
DURAN DOĞAN BASIM VE AMBALAJ SANAYİ A.Ş.,DURDO,https://cdn.jsdelivr.net/gh/ahmeterenodaci/Istanbul-Stock-Exchange--BIST--including-symbols-and-logos/logos/DURDO.png
DYO BOYA FABRİKALARI SANAYİ VE TİCARET A.Ş.,DYOBY,https://cdn.jsdelivr.net/gh/ahmeterenodaci/Istanbul-Stock-Exchange--BIST--including-symbols-and-logos/logos/DYOBY.png
DENİZ GAYRİMENKUL YATIRIM ORTAKLIĞI A.Ş.,DZGYO,https://cdn.jsdelivr.net/gh/ahmeterenodaci/Istanbul-Stock-Exchange--BIST--including-symbols-and-logos/logos/DZGYO.png
EBEBEK MAĞAZACILIK A.Ş.,EBEBK,https://cdn.jsdelivr.net/gh/ahmeterenodaci/Istanbul-Stock-Exchange--BIST--including-symbols-and-logos/logos/EBEBK.png
EİS ECZACIBAŞI İLAÇ SINAİ VE FİNANSAL YATIRIMLAR SANAYİ VE TİCARET A.Ş.,ECILC,https://cdn.jsdelivr.net/gh/ahmeterenodaci/Istanbul-Stock-Exchange--BIST--including-symbols-and-logos/logos/ECILC.png
ECZACIBAŞI YATIRIM HOLDİNG ORTAKLIĞI A.Ş.,ECZYT,https://cdn.jsdelivr.net/gh/ahmeterenodaci/Istanbul-Stock-Exchange--BIST--including-symbols-and-logos/logos/ECZYT.png
E-DATA TEKNOLOJİ PAZARLAMA A.Ş.,EDATA,https://cdn.jsdelivr.net/gh/ahmeterenodaci/Istanbul-Stock-Exchange--BIST--including-symbols-and-logos/logos/EDATA.png
EDİP GAYRİMENKUL YATIRIM SANAYİ VE TİCARET A.Ş.,EDIP,https://cdn.jsdelivr.net/gh/ahmeterenodaci/Istanbul-Stock-Exchange--BIST--including-symbols-and-logos/logos/EDIP.png
EGE ENDÜSTRİ VE TİCARET A.Ş.,EGEEN,https://cdn.jsdelivr.net/gh/ahmeterenodaci/Istanbul-Stock-Exchange--BIST--including-symbols-and-logos/logos/EGEEN.png
NASMED ÖZEL SAĞLIK HİZMETLERİ TİCARET A.Ş.,EGEPO,https://cdn.jsdelivr.net/gh/ahmeterenodaci/Istanbul-Stock-Exchange--BIST--including-symbols-and-logos/logos/EGEPO.png
EGE GÜBRE SANAYİİ A.Ş.,EGGUB,https://cdn.jsdelivr.net/gh/ahmeterenodaci/Istanbul-Stock-Exchange--BIST--including-symbols-and-logos/logos/EGGUB.png
EGE PROFİL TİCARET VE SANAYİ A.Ş.,EGPRO,https://cdn.jsdelivr.net/gh/ahmeterenodaci/Istanbul-Stock-Exchange--BIST--including-symbols-and-logos/logos/EGPRO.png
EGE SERAMİK SANAYİ VE TİCARET A.Ş.,EGSER,https://cdn.jsdelivr.net/gh/ahmeterenodaci/Istanbul-Stock-Exchange--BIST--including-symbols-and-logos/logos/EGSER.png
EMLAK KONUT GAYRİMENKUL YATIRIM ORTAKLIĞI A.Ş.,EKGYO,https://cdn.jsdelivr.net/gh/ahmeterenodaci/Istanbul-Stock-Exchange--BIST--including-symbols-and-logos/logos/EKGYO.png
EKİZ KİMYA SANAYİ VE TİCARET A.Ş.,EKIZ,https://cdn.jsdelivr.net/gh/ahmeterenodaci/Istanbul-Stock-Exchange--BIST--including-symbols-and-logos/logos/EKIZ.png
EKSUN GIDA TARIM SANAYİ VE TİCARET A.Ş.,EKSUN,https://cdn.jsdelivr.net/gh/ahmeterenodaci/Istanbul-Stock-Exchange--BIST--including-symbols-and-logos/logos/EKSUN.png
ELİTE NATUREL ORGANİK GIDA SANAYİ VE TİCARET A.Ş.,ELITE,https://cdn.jsdelivr.net/gh/ahmeterenodaci/Istanbul-Stock-Exchange--BIST--including-symbols-and-logos/logos/ELITE.png
EMEK ELEKTRİK ENDÜSTRİSİ A.Ş.,EMKEL,https://cdn.jsdelivr.net/gh/ahmeterenodaci/Istanbul-Stock-Exchange--BIST--including-symbols-and-logos/logos/EMKEL.png
EMİNİŞ AMBALAJ SANAYİ VE TİCARET A.Ş.,EMNIS,https://cdn.jsdelivr.net/gh/ahmeterenodaci/Istanbul-Stock-Exchange--BIST--including-symbols-and-logos/logos/EMNIS.png
ENERYA ENERJİ A.Ş.,ENERY,https://cdn.jsdelivr.net/gh/ahmeterenodaci/Istanbul-Stock-Exchange--BIST--including-symbols-and-logos/logos/ENERY.png
ENERJİSA ENERJİ A.Ş.,ENJSA,https://cdn.jsdelivr.net/gh/ahmeterenodaci/Istanbul-Stock-Exchange--BIST--including-symbols-and-logos/logos/ENJSA.png
ENKA İNŞAAT VE SANAYİ A.Ş.,ENKAI,https://cdn.jsdelivr.net/gh/ahmeterenodaci/Istanbul-Stock-Exchange--BIST--including-symbols-and-logos/logos/ENKAI.png
ENSARİ DERİ GIDA SANAYİ VE TİCARET A.Ş.,ENSRI,https://cdn.jsdelivr.net/gh/ahmeterenodaci/Istanbul-Stock-Exchange--BIST--including-symbols-and-logos/logos/ENSRI.png
EGEPLAST EGE PLASTİK TİCARET VE SANAYİ A.Ş.,EPLAS,https://cdn.jsdelivr.net/gh/ahmeterenodaci/Istanbul-Stock-Exchange--BIST--including-symbols-and-logos/logos/EPLAS.png
ERBOSAN ERCİYAS BORU SANAYİİ VE TİCARET A.Ş.,ERBOS,https://cdn.jsdelivr.net/gh/ahmeterenodaci/Istanbul-Stock-Exchange--BIST--including-symbols-and-logos/logos/ERBOS.png
ERCİYAS ÇELİK BORU SANAYİ A.Ş.,ERCB,https://cdn.jsdelivr.net/gh/ahmeterenodaci/Istanbul-Stock-Exchange--BIST--including-symbols-and-logos/logos/ERCB.png
EREĞLİ DEMİR VE ÇELİK FABRİKALARI T.A.Ş.,EREGL,https://cdn.jsdelivr.net/gh/ahmeterenodaci/Istanbul-Stock-Exchange--BIST--including-symbols-and-logos/logos/EREGL.png
ERSU MEYVE VE GIDA SANAYİ A.Ş.,ERSU,https://cdn.jsdelivr.net/gh/ahmeterenodaci/Istanbul-Stock-Exchange--BIST--including-symbols-and-logos/logos/ERSU.png
ESCAR FİLO KİRALAMA HİZMETLERİ A.Ş.,ESCAR,https://cdn.jsdelivr.net/gh/ahmeterenodaci/Istanbul-Stock-Exchange--BIST--including-symbols-and-logos/logos/ESCAR.png
ESCORT TEKNOLOJİ YATIRIM A.Ş.,ESCOM,https://cdn.jsdelivr.net/gh/ahmeterenodaci/Istanbul-Stock-Exchange--BIST--including-symbols-and-logos/logos/ESCOM.png
ESENBOĞA ELEKTRİK ÜRETİM A.Ş.,ESEN,https://cdn.jsdelivr.net/gh/ahmeterenodaci/Istanbul-Stock-Exchange--BIST--including-symbols-and-logos/logos/ESEN.png
ETİLER GIDA VE TİCARİ YATIRIMLAR SANAYİ VE TİCARET A.Ş.,ETILR,https://cdn.jsdelivr.net/gh/ahmeterenodaci/Istanbul-Stock-Exchange--BIST--including-symbols-and-logos/logos/ETILR.png
EURO TREND YATIRIM ORTAKLIĞI A.Ş.,ETYAT,https://cdn.jsdelivr.net/gh/ahmeterenodaci/Istanbul-Stock-Exchange--BIST--including-symbols-and-logos/logos/ETYAT.png
EURO YATIRIM HOLDİNG A.Ş.,EUHOL,https://cdn.jsdelivr.net/gh/ahmeterenodaci/Istanbul-Stock-Exchange--BIST--including-symbols-and-logos/logos/EUHOL.png
EURO KAPİTAL YATIRIM ORTAKLIĞI A.Ş.,EUKYO,https://cdn.jsdelivr.net/gh/ahmeterenodaci/Istanbul-Stock-Exchange--BIST--including-symbols-and-logos/logos/EUKYO.png
EUROPOWER ENERJİ VE OTOMASYON TEKNOLOJİLERİ SANAYİ TİCARET A.Ş.,EUPWR,https://cdn.jsdelivr.net/gh/ahmeterenodaci/Istanbul-Stock-Exchange--BIST--including-symbols-and-logos/logos/EUPWR.png
EUROPEN ENDÜSTRİ İNŞAAT SANAYİ VE TİCARET A.Ş.,EUREN,https://cdn.jsdelivr.net/gh/ahmeterenodaci/Istanbul-Stock-Exchange--BIST--including-symbols-and-logos/logos/EUREN.png
EURO MENKUL KIYMET YATIRIM ORTAKLIĞI A.Ş.,EUYO,https://cdn.jsdelivr.net/gh/ahmeterenodaci/Istanbul-Stock-Exchange--BIST--including-symbols-and-logos/logos/EUYO.png
EYG GAYRİMENKUL YATIRIM ORTAKLIĞI A.Ş.,EYGYO,https://cdn.jsdelivr.net/gh/ahmeterenodaci/Istanbul-Stock-Exchange--BIST--including-symbols-and-logos/logos/EYGYO.png
FADE GIDA YATIRIM SANAYİ TİCARET A.Ş.,FADE,https://cdn.jsdelivr.net/gh/ahmeterenodaci/Istanbul-Stock-Exchange--BIST--including-symbols-and-logos/logos/FADE.png
FLAP KONGRE TOPLANTI HİZMETLERİ OTOMOTİV VE TURİZM A.Ş.,FLAP,https://cdn.jsdelivr.net/gh/ahmeterenodaci/Istanbul-Stock-Exchange--BIST--including-symbols-and-logos/logos/FLAP.png
FEDERAL-MOGUL İZMİT PİSTON VE PİM ÜRETİM TESİSLERİ A.Ş.,FMIZP,https://cdn.jsdelivr.net/gh/ahmeterenodaci/Istanbul-Stock-Exchange--BIST--including-symbols-and-logos/logos/FMIZP.png
FONET BİLGİ TEKNOLOJİLERİ A.Ş.,FONET,https://cdn.jsdelivr.net/gh/ahmeterenodaci/Istanbul-Stock-Exchange--BIST--including-symbols-and-logos/logos/FONET.png
FORMET METAL VE CAM SANAYİ A.Ş.,FORMT,https://cdn.jsdelivr.net/gh/ahmeterenodaci/Istanbul-Stock-Exchange--BIST--including-symbols-and-logos/logos/FORMT.png
FORTE BİLGİ İLETİŞİM TEKNOLOJİLERİ VE SAVUNMA SANAYİ A.Ş.,FORTE,https://cdn.jsdelivr.net/gh/ahmeterenodaci/Istanbul-Stock-Exchange--BIST--including-symbols-and-logos/logos/FORTE.png
FRİGO-PAK GIDA MADDELERİ SANAYİ VE TİCARET A.Ş.,FRIGO,https://cdn.jsdelivr.net/gh/ahmeterenodaci/Istanbul-Stock-Exchange--BIST--including-symbols-and-logos/logos/FRIGO.png
FORD OTOMOTİV SANAYİ A.Ş.,FROTO,https://cdn.jsdelivr.net/gh/ahmeterenodaci/Istanbul-Stock-Exchange--BIST--including-symbols-and-logos/logos/FROTO.png
FUZUL GAYRİMENKUL YATIRIM ORTAKLIĞI A.Ş.,FZLGY,https://cdn.jsdelivr.net/gh/ahmeterenodaci/Istanbul-Stock-Exchange--BIST--including-symbols-and-logos/logos/FZLGY.png
TÜRKİYE GARANTİ BANKASI A.Ş.,GARAN,https://cdn.jsdelivr.net/gh/ahmeterenodaci/Istanbul-Stock-Exchange--BIST--including-symbols-and-logos/logos/GARAN.png
GARANTİ FAKTORİNG A.Ş.,GARFA,https://cdn.jsdelivr.net/gh/ahmeterenodaci/Istanbul-Stock-Exchange--BIST--including-symbols-and-logos/logos/GARFA.png
GEDİK YATIRIM MENKUL DEĞERLER A.Ş.,GEDIK,https://cdn.jsdelivr.net/gh/ahmeterenodaci/Istanbul-Stock-Exchange--BIST--including-symbols-and-logos/logos/GEDIK.png
GEDİZ AMBALAJ SANAYİ VE TİCARET A.Ş.,GEDZA,https://cdn.jsdelivr.net/gh/ahmeterenodaci/Istanbul-Stock-Exchange--BIST--including-symbols-and-logos/logos/GEDZA.png
GEN İLAÇ VE SAĞLIK ÜRÜNLERİ SANAYİ VE TİCARET A.Ş.,GENIL,https://cdn.jsdelivr.net/gh/ahmeterenodaci/Istanbul-Stock-Exchange--BIST--including-symbols-and-logos/logos/GENIL.png
GENTAŞ DEKORATİF YÜZEYLER SANAYİ VE TİCARET A.Ş.,GENTS,https://cdn.jsdelivr.net/gh/ahmeterenodaci/Istanbul-Stock-Exchange--BIST--including-symbols-and-logos/logos/GENTS.png
GERSAN ELEKTRİK TİCARET VE SANAYİ A.Ş.,GEREL,https://cdn.jsdelivr.net/gh/ahmeterenodaci/Istanbul-Stock-Exchange--BIST--including-symbols-and-logos/logos/GEREL.png
GİRİŞİM ELEKTRİK SANAYİ TAAHHÜT VE TİCARET A.Ş.,GESAN,https://cdn.jsdelivr.net/gh/ahmeterenodaci/Istanbul-Stock-Exchange--BIST--including-symbols-and-logos/logos/GESAN.png
GIPTA OFİS KIRTASİYE VE PROMOSYON ÜRÜNLERİ İMALAT SANAYİ A.Ş.,GIPTA,https://cdn.jsdelivr.net/gh/ahmeterenodaci/Istanbul-Stock-Exchange--BIST--including-symbols-and-logos/logos/GIPTA.png
GLOBAL MENKUL DEĞERLER A.Ş.,GLBMD,https://cdn.jsdelivr.net/gh/ahmeterenodaci/Istanbul-Stock-Exchange--BIST--including-symbols-and-logos/logos/GLBMD.png
GELECEK VARLIK YÖNETİMİ A.Ş.,GLCVY,https://cdn.jsdelivr.net/gh/ahmeterenodaci/Istanbul-Stock-Exchange--BIST--including-symbols-and-logos/logos/GLCVY.png
GÜLER YATIRIM HOLDİNG A.Ş.,GLRYH,https://cdn.jsdelivr.net/gh/ahmeterenodaci/Istanbul-Stock-Exchange--BIST--including-symbols-and-logos/logos/GLRYH.png
GLOBAL YATIRIM HOLDİNG A.Ş.,GLYHO,https://cdn.jsdelivr.net/gh/ahmeterenodaci/Istanbul-Stock-Exchange--BIST--including-symbols-and-logos/logos/GLYHO.png
GİMAT MAĞAZACILIK SANAYİ VE TİCARET A.Ş.,GMTAS,https://cdn.jsdelivr.net/gh/ahmeterenodaci/Istanbul-Stock-Exchange--BIST--including-symbols-and-logos/logos/GMTAS.png
GÖKNUR GIDA MADDELERİ ENERJİ İMALAT İTHALAT İHRACAT TİCARET VE SANAYİ A.Ş.,GOKNR,https://cdn.jsdelivr.net/gh/ahmeterenodaci/Istanbul-Stock-Exchange--BIST--including-symbols-and-logos/logos/GOKNR.png
GÖLTAŞ GÖLLER BÖLGESİ ÇİMENTO SANAYİ VE TİCARET A.Ş.,GOLTS,https://cdn.jsdelivr.net/gh/ahmeterenodaci/Istanbul-Stock-Exchange--BIST--including-symbols-and-logos/logos/GOLTS.png
GOODYEAR LASTİKLERİ T.A.Ş.,GOODY,https://cdn.jsdelivr.net/gh/ahmeterenodaci/Istanbul-Stock-Exchange--BIST--including-symbols-and-logos/logos/GOODY.png
GÖZDE GİRİŞİM SERMAYESİ YATIRIM ORTAKLIĞI A.Ş.,GOZDE,https://cdn.jsdelivr.net/gh/ahmeterenodaci/Istanbul-Stock-Exchange--BIST--including-symbols-and-logos/logos/GOZDE.png
GARANTİ YATIRIM ORTAKLIĞI A.Ş.,GRNYO,https://cdn.jsdelivr.net/gh/ahmeterenodaci/Istanbul-Stock-Exchange--BIST--including-symbols-and-logos/logos/GRNYO.png
GÜR-SEL TURİZM TAŞIMACILIK VE SERVİS TİCARET A.Ş.,GRSEL,https://cdn.jsdelivr.net/gh/ahmeterenodaci/Istanbul-Stock-Exchange--BIST--including-symbols-and-logos/logos/GRSEL.png
GRAINTURK TARIM A.Ş.,GRTRK,https://cdn.jsdelivr.net/gh/ahmeterenodaci/Istanbul-Stock-Exchange--BIST--including-symbols-and-logos/logos/GRTRK.png
GSD DENİZCİLİK GAYRİMENKUL İNŞAAT SANAYİ VE TİCARET A.Ş.,GSDDE,https://cdn.jsdelivr.net/gh/ahmeterenodaci/Istanbul-Stock-Exchange--BIST--including-symbols-and-logos/logos/GSDDE.png
GSD HOLDİNG A.Ş.,GSDHO,https://cdn.jsdelivr.net/gh/ahmeterenodaci/Istanbul-Stock-Exchange--BIST--including-symbols-and-logos/logos/GSDHO.png
GÜBRE FABRİKALARI T.A.Ş.,GUBRF,https://cdn.jsdelivr.net/gh/ahmeterenodaci/Istanbul-Stock-Exchange--BIST--including-symbols-and-logos/logos/GUBRF.png
GALATA WIND ENERJİ A.Ş.,GWIND,https://cdn.jsdelivr.net/gh/ahmeterenodaci/Istanbul-Stock-Exchange--BIST--including-symbols-and-logos/logos/GWIND.png
GEZİNOMİ SEYAHAT TURİZM TİCARET A.Ş.,GZNMI,https://cdn.jsdelivr.net/gh/ahmeterenodaci/Istanbul-Stock-Exchange--BIST--including-symbols-and-logos/logos/GZNMI.png
TÜRKİYE HALK BANKASI A.Ş.,HALKB,https://cdn.jsdelivr.net/gh/ahmeterenodaci/Istanbul-Stock-Exchange--BIST--including-symbols-and-logos/logos/HALKB.png
HATEKS HATAY TEKSTİL İŞLETMELERİ A.Ş.,HATEK,https://cdn.jsdelivr.net/gh/ahmeterenodaci/Istanbul-Stock-Exchange--BIST--including-symbols-and-logos/logos/HATEK.png
HAT-SAN GEMİ İNŞAA BAKIM ONARIM DENİZ NAKLİYAT SANAYİ VE TİCARET A.Ş.,HATSN,https://cdn.jsdelivr.net/gh/ahmeterenodaci/Istanbul-Stock-Exchange--BIST--including-symbols-and-logos/logos/HATSN.png
HEDEF GİRİŞİM SERMAYESİ YATIRIM ORTAKLIĞI A.Ş.,HDFGS,https://cdn.jsdelivr.net/gh/ahmeterenodaci/Istanbul-Stock-Exchange--BIST--including-symbols-and-logos/logos/HDFGS.png
HEDEF HOLDİNG A.Ş.,HEDEF,https://cdn.jsdelivr.net/gh/ahmeterenodaci/Istanbul-Stock-Exchange--BIST--including-symbols-and-logos/logos/HEDEF.png
HEKTAŞ TİCARET T.A.Ş.,HEKTS,https://cdn.jsdelivr.net/gh/ahmeterenodaci/Istanbul-Stock-Exchange--BIST--including-symbols-and-logos/logos/HEKTS.png
HİDROPAR HAREKET KONTROL TEKNOLOJİLERİ MERKEZİ SANAYİ VE TİCARET A.Ş.,HKTM,https://cdn.jsdelivr.net/gh/ahmeterenodaci/Istanbul-Stock-Exchange--BIST--including-symbols-and-logos/logos/HKTM.png
HALK GAYRİMENKUL YATIRIM ORTAKLIĞI A.Ş.,HLGYO,https://cdn.jsdelivr.net/gh/ahmeterenodaci/Istanbul-Stock-Exchange--BIST--including-symbols-and-logos/logos/HLGYO.png
HİTİT BİLGİSAYAR HİZMETLERİ A.Ş.,HTTBT,https://cdn.jsdelivr.net/gh/ahmeterenodaci/Istanbul-Stock-Exchange--BIST--including-symbols-and-logos/logos/HTTBT.png
HUB GİRİŞİM SERMAYESİ YATIRIM ORTAKLIĞI A.Ş.,HUBVC,https://cdn.jsdelivr.net/gh/ahmeterenodaci/Istanbul-Stock-Exchange--BIST--including-symbols-and-logos/logos/HUBVC.png
HUN YENİLENEBİLİR ENERJİ ÜRETİM A.Ş.,HUNER,https://cdn.jsdelivr.net/gh/ahmeterenodaci/Istanbul-Stock-Exchange--BIST--including-symbols-and-logos/logos/HUNER.png
HÜRRİYET GAZETECİLİK VE MATBAACILIK A.Ş.,HURGZ,https://cdn.jsdelivr.net/gh/ahmeterenodaci/Istanbul-Stock-Exchange--BIST--including-symbols-and-logos/logos/HURGZ.png
ICBC TURKEY BANK A.Ş.,ICBCT,https://cdn.jsdelivr.net/gh/ahmeterenodaci/Istanbul-Stock-Exchange--BIST--including-symbols-and-logos/logos/ICBCT.png
ICU GİRİŞİM SERMAYESİ YATIRIM ORTAKLIĞI A.Ş.,ICUGS,https://cdn.jsdelivr.net/gh/ahmeterenodaci/Istanbul-Stock-Exchange--BIST--including-symbols-and-logos/logos/ICUGS.png
İDEAL FİNANSAL TEKNOLOJİLER VE DANIŞMANLIK A.Ş.,IDEAS,https://cdn.jsdelivr.net/gh/ahmeterenodaci/Istanbul-Stock-Exchange--BIST--including-symbols-and-logos/logos/IDEAS.png
İDEALİST GAYRİMENKUL YATIRIM ORTAKLIĞI A.Ş.,IDGYO,https://cdn.jsdelivr.net/gh/ahmeterenodaci/Istanbul-Stock-Exchange--BIST--including-symbols-and-logos/logos/IDGYO.png
IŞIKLAR ENERJİ VE YAPI HOLDİNG A.Ş.,IEYHO,https://cdn.jsdelivr.net/gh/ahmeterenodaci/Istanbul-Stock-Exchange--BIST--including-symbols-and-logos/logos/IEYHO.png
İHLAS HABER AJANSI A.Ş.,IHAAS,https://cdn.jsdelivr.net/gh/ahmeterenodaci/Istanbul-Stock-Exchange--BIST--including-symbols-and-logos/logos/IHAAS.png
İHLAS EV ALETLERİ İMALAT SANAYİ VE TİCARET A.Ş.,IHEVA,https://cdn.jsdelivr.net/gh/ahmeterenodaci/Istanbul-Stock-Exchange--BIST--including-symbols-and-logos/logos/IHEVA.png
İHLAS GAZETECİLİK A.Ş.,IHGZT,https://cdn.jsdelivr.net/gh/ahmeterenodaci/Istanbul-Stock-Exchange--BIST--including-symbols-and-logos/logos/IHGZT.png
İHLAS HOLDİNG A.Ş.,IHLAS,https://cdn.jsdelivr.net/gh/ahmeterenodaci/Istanbul-Stock-Exchange--BIST--including-symbols-and-logos/logos/IHLAS.png
İHLAS GAYRİMENKUL PROJE GELİŞTİRME VE TİCARET A.Ş.,IHLGM,https://cdn.jsdelivr.net/gh/ahmeterenodaci/Istanbul-Stock-Exchange--BIST--including-symbols-and-logos/logos/IHLGM.png
İHLAS YAYIN HOLDİNG A.Ş.,IHYAY,https://cdn.jsdelivr.net/gh/ahmeterenodaci/Istanbul-Stock-Exchange--BIST--including-symbols-and-logos/logos/IHYAY.png
İMAŞ MAKİNA SANAYİ A.Ş.,IMASM,https://cdn.jsdelivr.net/gh/ahmeterenodaci/Istanbul-Stock-Exchange--BIST--including-symbols-and-logos/logos/IMASM.png
İNDEKS BİLGİSAYAR SİSTEMLERİ MÜHENDİSLİK SANAYİ VE TİCARET A.Ş.,INDES,https://cdn.jsdelivr.net/gh/ahmeterenodaci/Istanbul-Stock-Exchange--BIST--including-symbols-and-logos/logos/INDES.png
İNFO YATIRIM MENKUL DEĞERLER A.Ş.,INFO,https://cdn.jsdelivr.net/gh/ahmeterenodaci/Istanbul-Stock-Exchange--BIST--including-symbols-and-logos/logos/INFO.png
INGRAM MİCRO BİLİŞİM SİSTEMLERİ A.Ş.,INGRM,https://cdn.jsdelivr.net/gh/ahmeterenodaci/Istanbul-Stock-Exchange--BIST--including-symbols-and-logos/logos/INGRM.png
İNTEMA İNŞAAT VE TESİSAT MALZEMELERİ YATIRIM VE PAZARLAMA A.Ş.,INTEM,https://cdn.jsdelivr.net/gh/ahmeterenodaci/Istanbul-Stock-Exchange--BIST--including-symbols-and-logos/logos/INTEM.png
INVEO YATIRIM HOLDİNG A.Ş.,INVEO,https://cdn.jsdelivr.net/gh/ahmeterenodaci/Istanbul-Stock-Exchange--BIST--including-symbols-and-logos/logos/INVEO.png
INVESTCO HOLDİNG A.Ş.,INVES,https://cdn.jsdelivr.net/gh/ahmeterenodaci/Istanbul-Stock-Exchange--BIST--including-symbols-and-logos/logos/INVES.png
İPEK DOĞAL ENERJİ KAYNAKLARI ARAŞTIRMA VE ÜRETİM A.Ş.,IPEKE,https://cdn.jsdelivr.net/gh/ahmeterenodaci/Istanbul-Stock-Exchange--BIST--including-symbols-and-logos/logos/IPEKE.png
TÜRKİYE İŞ BANKASI A.Ş.,ISATR,https://cdn.jsdelivr.net/gh/ahmeterenodaci/Istanbul-Stock-Exchange--BIST--including-symbols-and-logos/logos/ISATR.png
İŞBİR HOLDİNG A.Ş.,ISBIR,https://cdn.jsdelivr.net/gh/ahmeterenodaci/Istanbul-Stock-Exchange--BIST--including-symbols-and-logos/logos/ISBIR.png
TÜRKİYE İŞ BANKASI A.Ş.,ISBTR,https://cdn.jsdelivr.net/gh/ahmeterenodaci/Istanbul-Stock-Exchange--BIST--including-symbols-and-logos/logos/ISBTR.png
TÜRKİYE İŞ BANKASI A.Ş.,ISCTR,https://cdn.jsdelivr.net/gh/ahmeterenodaci/Istanbul-Stock-Exchange--BIST--including-symbols-and-logos/logos/ISCTR.png
İSKENDERUN DEMİR VE ÇELİK A.Ş.,ISDMR,https://cdn.jsdelivr.net/gh/ahmeterenodaci/Istanbul-Stock-Exchange--BIST--including-symbols-and-logos/logos/ISDMR.png
İŞ FİNANSAL KİRALAMA A.Ş.,ISFIN,https://cdn.jsdelivr.net/gh/ahmeterenodaci/Istanbul-Stock-Exchange--BIST--including-symbols-and-logos/logos/ISFIN.png
İŞ GİRİŞİM SERMAYESİ YATIRIM ORTAKLIĞI A.Ş.,ISGSY,https://cdn.jsdelivr.net/gh/ahmeterenodaci/Istanbul-Stock-Exchange--BIST--including-symbols-and-logos/logos/ISGSY.png
İŞ GAYRİMENKUL YATIRIM ORTAKLIĞI A.Ş.,ISGYO,https://cdn.jsdelivr.net/gh/ahmeterenodaci/Istanbul-Stock-Exchange--BIST--including-symbols-and-logos/logos/ISGYO.png
IŞIK PLASTİK SANAYİ VE DIŞ TİCARET PAZARLAMA A.Ş.,ISKPL,https://cdn.jsdelivr.net/gh/ahmeterenodaci/Istanbul-Stock-Exchange--BIST--including-symbols-and-logos/logos/ISKPL.png
TÜRKİYE İŞ BANKASI A.Ş.,ISKUR,https://cdn.jsdelivr.net/gh/ahmeterenodaci/Istanbul-Stock-Exchange--BIST--including-symbols-and-logos/logos/ISKUR.png
İŞ YATIRIM MENKUL DEĞERLER A.Ş.,ISMEN,https://cdn.jsdelivr.net/gh/ahmeterenodaci/Istanbul-Stock-Exchange--BIST--including-symbols-and-logos/logos/ISMEN.png
İŞBİR SENTETİK DOKUMA SANAYİ A.Ş.,ISSEN,https://cdn.jsdelivr.net/gh/ahmeterenodaci/Istanbul-Stock-Exchange--BIST--including-symbols-and-logos/logos/ISSEN.png
İŞ YATIRIM ORTAKLIĞI A.Ş.,ISYAT,https://cdn.jsdelivr.net/gh/ahmeterenodaci/Istanbul-Stock-Exchange--BIST--including-symbols-and-logos/logos/ISYAT.png
İTTİFAK HOLDİNG A.Ş.,ITTFH,https://cdn.jsdelivr.net/gh/ahmeterenodaci/Istanbul-Stock-Exchange--BIST--including-symbols-and-logos/logos/ITTFH.png
İZDEMİR ENERJİ ELEKTRİK ÜRETİM A.Ş.,IZENR,https://cdn.jsdelivr.net/gh/ahmeterenodaci/Istanbul-Stock-Exchange--BIST--including-symbols-and-logos/logos/IZENR.png
İZMİR FIRÇA SANAYİ VE TİCARET A.Ş.,IZFAS,https://cdn.jsdelivr.net/gh/ahmeterenodaci/Istanbul-Stock-Exchange--BIST--including-symbols-and-logos/logos/IZFAS.png
İZ YATIRIM HOLDİNG A.Ş.,IZINV,https://cdn.jsdelivr.net/gh/ahmeterenodaci/Istanbul-Stock-Exchange--BIST--including-symbols-and-logos/logos/IZINV.png
İZMİR DEMİR ÇELİK SANAYİ A.Ş.,IZMDC,https://cdn.jsdelivr.net/gh/ahmeterenodaci/Istanbul-Stock-Exchange--BIST--including-symbols-and-logos/logos/IZMDC.png
JANTSA JANT SANAYİ VE TİCARET A.Ş.,JANTS,https://cdn.jsdelivr.net/gh/ahmeterenodaci/Istanbul-Stock-Exchange--BIST--including-symbols-and-logos/logos/JANTS.png
KAPLAMİN AMBALAJ SANAYİ VE TİCARET A.Ş.,KAPLM,https://cdn.jsdelivr.net/gh/ahmeterenodaci/Istanbul-Stock-Exchange--BIST--including-symbols-and-logos/logos/KAPLM.png
KAREL ELEKTRONİK SANAYİ VE TİCARET A.Ş.,KAREL,https://cdn.jsdelivr.net/gh/ahmeterenodaci/Istanbul-Stock-Exchange--BIST--including-symbols-and-logos/logos/KAREL.png
KARSAN OTOMOTİV SANAYİİ VE TİCARET A.Ş.,KARSN,https://cdn.jsdelivr.net/gh/ahmeterenodaci/Istanbul-Stock-Exchange--BIST--including-symbols-and-logos/logos/KARSN.png
KARTONSAN KARTON SANAYİ VE TİCARET A.Ş.,KARTN,https://cdn.jsdelivr.net/gh/ahmeterenodaci/Istanbul-Stock-Exchange--BIST--including-symbols-and-logos/logos/KARTN.png
KARTAL YENİLENEBİLİR ENERJİ ÜRETİM A.Ş.,KARYE,https://cdn.jsdelivr.net/gh/ahmeterenodaci/Istanbul-Stock-Exchange--BIST--including-symbols-and-logos/logos/KARYE.png
KATMERCİLER ARAÇ ÜSTÜ EKİPMAN SANAYİ VE TİCARET A.Ş.,KATMR,https://cdn.jsdelivr.net/gh/ahmeterenodaci/Istanbul-Stock-Exchange--BIST--including-symbols-and-logos/logos/KATMR.png
KOCAER ÇELİK SANAYİ VE TİCARET A.Ş.,KCAER,https://cdn.jsdelivr.net/gh/ahmeterenodaci/Istanbul-Stock-Exchange--BIST--including-symbols-and-logos/logos/KCAER.png
KOÇ HOLDİNG A.Ş.,KCHOL,https://cdn.jsdelivr.net/gh/ahmeterenodaci/Istanbul-Stock-Exchange--BIST--including-symbols-and-logos/logos/KCHOL.png
KENT GIDA MADDELERİ SANAYİİ VE TİCARET A.Ş.,KENT,https://cdn.jsdelivr.net/gh/ahmeterenodaci/Istanbul-Stock-Exchange--BIST--including-symbols-and-logos/logos/KENT.png
KERVANSARAY YATIRIM HOLDİNG A.Ş.,KERVN,https://cdn.jsdelivr.net/gh/ahmeterenodaci/Istanbul-Stock-Exchange--BIST--including-symbols-and-logos/logos/KERVN.png
KEREVİTAŞ GIDA SANAYİ VE TİCARET A.Ş.,KERVT,https://cdn.jsdelivr.net/gh/ahmeterenodaci/Istanbul-Stock-Exchange--BIST--including-symbols-and-logos/logos/KERVT.png
KAFEİN YAZILIM HİZMETLERİ TİCARET A.Ş.,KFEIN,https://cdn.jsdelivr.net/gh/ahmeterenodaci/Istanbul-Stock-Exchange--BIST--including-symbols-and-logos/logos/KFEIN.png
KORAY GAYRİMENKUL YATIRIM ORTAKLIĞI A.Ş.,KGYO,https://cdn.jsdelivr.net/gh/ahmeterenodaci/Istanbul-Stock-Exchange--BIST--including-symbols-and-logos/logos/KGYO.png
ERSAN ALIŞVERİŞ HİZMETLERİ VE GIDA SANAYİ TİCARET A.Ş.,KIMMR,https://cdn.jsdelivr.net/gh/ahmeterenodaci/Istanbul-Stock-Exchange--BIST--including-symbols-and-logos/logos/KIMMR.png
KİLER GAYRİMENKUL YATIRIM ORTAKLIĞI A.Ş.,KLGYO,https://cdn.jsdelivr.net/gh/ahmeterenodaci/Istanbul-Stock-Exchange--BIST--including-symbols-and-logos/logos/KLGYO.png
KALEKİM KİMYEVİ MADDELER SANAYİ VE TİCARET A.Ş.,KLKIM,https://cdn.jsdelivr.net/gh/ahmeterenodaci/Istanbul-Stock-Exchange--BIST--including-symbols-and-logos/logos/KLKIM.png
KLİMASAN KLİMA SANAYİ VE TİCARET A.Ş.,KLMSN,https://cdn.jsdelivr.net/gh/ahmeterenodaci/Istanbul-Stock-Exchange--BIST--including-symbols-and-logos/logos/KLMSN.png
TÜRKİYE KALKINMA VE YATIRIM BANKASI A.Ş.,KLNMA,https://cdn.jsdelivr.net/gh/ahmeterenodaci/Istanbul-Stock-Exchange--BIST--including-symbols-and-logos/logos/KLNMA.png
KİLER HOLDİNG A.Ş.,KLRHO,https://cdn.jsdelivr.net/gh/ahmeterenodaci/Istanbul-Stock-Exchange--BIST--including-symbols-and-logos/logos/KLRHO.png
KALESERAMİK ÇANAKKALE KALEBODUR SERAMİK SANAYİ A.Ş.,KLSER,https://cdn.jsdelivr.net/gh/ahmeterenodaci/Istanbul-Stock-Exchange--BIST--including-symbols-and-logos/logos/KLSER.png
KOLEKSİYON MOBİLYA SANAYİ A.Ş.,KLSYN,https://cdn.jsdelivr.net/gh/ahmeterenodaci/Istanbul-Stock-Exchange--BIST--including-symbols-and-logos/logos/KLSYN.png
KİMTEKS POLİÜRETAN SANAYİ VE TİCARET A.Ş.,KMPUR,https://cdn.jsdelivr.net/gh/ahmeterenodaci/Istanbul-Stock-Exchange--BIST--including-symbols-and-logos/logos/KMPUR.png
KONFRUT GIDA SANAYİ VE TİCARET A.Ş.,KNFRT,https://cdn.jsdelivr.net/gh/ahmeterenodaci/Istanbul-Stock-Exchange--BIST--including-symbols-and-logos/logos/KNFRT.png
KONYA KAĞIT SANAYİ VE TİCARET A.Ş.,KONKA,https://cdn.jsdelivr.net/gh/ahmeterenodaci/Istanbul-Stock-Exchange--BIST--including-symbols-and-logos/logos/KONKA.png
KONTROLMATİK TEKNOLOJİ ENERJİ VE MÜHENDİSLİK A.Ş.,KONTR,https://cdn.jsdelivr.net/gh/ahmeterenodaci/Istanbul-Stock-Exchange--BIST--including-symbols-and-logos/logos/KONTR.png
KONYA ÇİMENTO SANAYİİ A.Ş.,KONYA,https://cdn.jsdelivr.net/gh/ahmeterenodaci/Istanbul-Stock-Exchange--BIST--including-symbols-and-logos/logos/KONYA.png
KOZA POLYESTER SANAYİ VE TİCARET A.Ş.,KOPOL,https://cdn.jsdelivr.net/gh/ahmeterenodaci/Istanbul-Stock-Exchange--BIST--including-symbols-and-logos/logos/KOPOL.png
KORDSA TEKNİK TEKSTİL A.Ş.,KORDS,https://cdn.jsdelivr.net/gh/ahmeterenodaci/Istanbul-Stock-Exchange--BIST--including-symbols-and-logos/logos/KORDS.png
KOZA ANADOLU METAL MADENCİLİK İŞLETMELERİ A.Ş.,KOZAA,https://cdn.jsdelivr.net/gh/ahmeterenodaci/Istanbul-Stock-Exchange--BIST--including-symbols-and-logos/logos/KOZAA.png
KOZA ALTIN İŞLETMELERİ A.Ş.,KOZAL,https://cdn.jsdelivr.net/gh/ahmeterenodaci/Istanbul-Stock-Exchange--BIST--including-symbols-and-logos/logos/KOZAL.png
KARDEMİR KARABÜK DEMİR ÇELİK SANAYİ VE TİCARET A.Ş.,KRDMA,https://cdn.jsdelivr.net/gh/ahmeterenodaci/Istanbul-Stock-Exchange--BIST--including-symbols-and-logos/logos/KRDMA.png
KARDEMİR KARABÜK DEMİR ÇELİK SANAYİ VE TİCARET A.Ş.,KRDMB,https://cdn.jsdelivr.net/gh/ahmeterenodaci/Istanbul-Stock-Exchange--BIST--including-symbols-and-logos/logos/KRDMB.png
KARDEMİR KARABÜK DEMİR ÇELİK SANAYİ VE TİCARET A.Ş.,KRDMD,https://cdn.jsdelivr.net/gh/ahmeterenodaci/Istanbul-Stock-Exchange--BIST--including-symbols-and-logos/logos/KRDMD.png
KÖRFEZ GAYRİMENKUL YATIRIM ORTAKLIĞI A.Ş.,KRGYO,https://cdn.jsdelivr.net/gh/ahmeterenodaci/Istanbul-Stock-Exchange--BIST--including-symbols-and-logos/logos/KRGYO.png
KRON TEKNOLOJİ A.Ş.,KRONT,https://cdn.jsdelivr.net/gh/ahmeterenodaci/Istanbul-Stock-Exchange--BIST--including-symbols-and-logos/logos/KRONT.png
KOROPLAST TEMİZLİK AMBALAJ ÜRÜNLERİ SANAYİ VE DIŞ TİCARET A.Ş.,KRPLS,https://cdn.jsdelivr.net/gh/ahmeterenodaci/Istanbul-Stock-Exchange--BIST--including-symbols-and-logos/logos/KRPLS.png
KRİSTAL KOLA VE MEŞRUBAT SANAYİ TİCARET A.Ş.,KRSTL,https://cdn.jsdelivr.net/gh/ahmeterenodaci/Istanbul-Stock-Exchange--BIST--including-symbols-and-logos/logos/KRSTL.png
KARSU TEKSTİL SANAYİİ VE TİCARET A.Ş.,KRTEK,https://cdn.jsdelivr.net/gh/ahmeterenodaci/Istanbul-Stock-Exchange--BIST--including-symbols-and-logos/logos/KRTEK.png
KERVAN GIDA SANAYİ VE TİCARET A.Ş.,KRVGD,https://cdn.jsdelivr.net/gh/ahmeterenodaci/Istanbul-Stock-Exchange--BIST--including-symbols-and-logos/logos/KRVGD.png
KUŞTUR KUŞADASI TURİZM ENDÜSTRİSİ A.Ş.,KSTUR,https://cdn.jsdelivr.net/gh/ahmeterenodaci/Istanbul-Stock-Exchange--BIST--including-symbols-and-logos/logos/KSTUR.png
KATILIMEVİM TASARRUF FİNANSMAN A.Ş.,KTLEV,https://cdn.jsdelivr.net/gh/ahmeterenodaci/Istanbul-Stock-Exchange--BIST--including-symbols-and-logos/logos/KTLEV.png
KÜTAHYA ŞEKER FABRİKASI A.Ş.,KTSKR,https://cdn.jsdelivr.net/gh/ahmeterenodaci/Istanbul-Stock-Exchange--BIST--including-symbols-and-logos/logos/KTSKR.png
KÜTAHYA PORSELEN SANAYİ A.Ş.,KUTPO,https://cdn.jsdelivr.net/gh/ahmeterenodaci/Istanbul-Stock-Exchange--BIST--including-symbols-and-logos/logos/KUTPO.png
KUVVA GIDA TİCARET VE SANAYİ YATIRIMLARI A.Ş.,KUVVA,https://cdn.jsdelivr.net/gh/ahmeterenodaci/Istanbul-Stock-Exchange--BIST--including-symbols-and-logos/logos/KUVVA.png
KUYAŞ YATIRIM A.Ş.,KUYAS,https://cdn.jsdelivr.net/gh/ahmeterenodaci/Istanbul-Stock-Exchange--BIST--including-symbols-and-logos/logos/KUYAS.png
KIZILBÜK GAYRİMENKUL YATIRIM ORTAKLIĞI A.Ş.,KZBGY,https://cdn.jsdelivr.net/gh/ahmeterenodaci/Istanbul-Stock-Exchange--BIST--including-symbols-and-logos/logos/KZBGY.png
KUZUGRUP GAYRİMENKUL YATIRIM ORTAKLIĞI A.Ş.,KZGYO,https://cdn.jsdelivr.net/gh/ahmeterenodaci/Istanbul-Stock-Exchange--BIST--including-symbols-and-logos/logos/KZGYO.png
LDR TURİZM A.Ş.,LIDER,https://cdn.jsdelivr.net/gh/ahmeterenodaci/Istanbul-Stock-Exchange--BIST--including-symbols-and-logos/logos/LIDER.png
LİDER FAKTORİNG A.Ş.,LIDFA,https://cdn.jsdelivr.net/gh/ahmeterenodaci/Istanbul-Stock-Exchange--BIST--including-symbols-and-logos/logos/LIDFA.png
LİNK BİLGİSAYAR SİSTEMLERİ YAZILIMI VE DONANIMI SANAYİ VE TİCARET A.Ş.,LINK,https://cdn.jsdelivr.net/gh/ahmeterenodaci/Istanbul-Stock-Exchange--BIST--including-symbols-and-logos/logos/LINK.png
LOKMAN HEKİM ENGÜRÜSAĞ SAĞLIK TURİZM EĞİTİM HİZMETLERİ VE İNŞAAT TAAHHÜT A.Ş.,LKMNH,https://cdn.jsdelivr.net/gh/ahmeterenodaci/Istanbul-Stock-Exchange--BIST--including-symbols-and-logos/logos/LKMNH.png
LOGO YAZILIM SANAYİ VE TİCARET A.Ş.,LOGO,https://cdn.jsdelivr.net/gh/ahmeterenodaci/Istanbul-Stock-Exchange--BIST--including-symbols-and-logos/logos/LOGO.png
LÜKS KADİFE TİCARET VE SANAYİİ A.Ş.,LUKSK,https://cdn.jsdelivr.net/gh/ahmeterenodaci/Istanbul-Stock-Exchange--BIST--including-symbols-and-logos/logos/LUKSK.png
MARMARİS ALTINYUNUS TURİSTİK TESİSLER A.Ş.,MAALT,https://cdn.jsdelivr.net/gh/ahmeterenodaci/Istanbul-Stock-Exchange--BIST--including-symbols-and-logos/logos/MAALT.png
MACKOLİK İNTERNET HİZMETLERİ TİCARET A.Ş.,MACKO,https://cdn.jsdelivr.net/gh/ahmeterenodaci/Istanbul-Stock-Exchange--BIST--including-symbols-and-logos/logos/MACKO.png
MARGÜN ENERJİ ÜRETİM SANAYİ VE TİCARET A.Ş.,MAGEN,https://cdn.jsdelivr.net/gh/ahmeterenodaci/Istanbul-Stock-Exchange--BIST--including-symbols-and-logos/logos/MAGEN.png
MAKİM MAKİNA TEKNOLOJİLERİ SANAYİ VE TİCARET A.Ş.,MAKIM,https://cdn.jsdelivr.net/gh/ahmeterenodaci/Istanbul-Stock-Exchange--BIST--including-symbols-and-logos/logos/MAKIM.png
MAKİNA TAKIM ENDÜSTRİSİ A.Ş.,MAKTK,https://cdn.jsdelivr.net/gh/ahmeterenodaci/Istanbul-Stock-Exchange--BIST--including-symbols-and-logos/logos/MAKTK.png
MANAS ENERJİ YÖNETİMİ SANAYİ VE TİCARET A.Ş.,MANAS,https://cdn.jsdelivr.net/gh/ahmeterenodaci/Istanbul-Stock-Exchange--BIST--including-symbols-and-logos/logos/MANAS.png
MARKA YATIRIM HOLDİNG A.Ş.,MARKA,https://cdn.jsdelivr.net/gh/ahmeterenodaci/Istanbul-Stock-Exchange--BIST--including-symbols-and-logos/logos/MARKA.png
MAVİ GİYİM SANAYİ VE TİCARET A.Ş.,MAVI,https://cdn.jsdelivr.net/gh/ahmeterenodaci/Istanbul-Stock-Exchange--BIST--including-symbols-and-logos/logos/MAVI.png
MEDİTERA TIBBİ MALZEME SANAYİ VE TİCARET A.Ş.,MEDTR,https://cdn.jsdelivr.net/gh/ahmeterenodaci/Istanbul-Stock-Exchange--BIST--including-symbols-and-logos/logos/MEDTR.png
MEGA POLİETİLEN KÖPÜK SANAYİ VE TİCARET A.Ş.,MEGAP,https://cdn.jsdelivr.net/gh/ahmeterenodaci/Istanbul-Stock-Exchange--BIST--including-symbols-and-logos/logos/MEGAP.png
MEPET METRO PETROL VE TESİSLERİ SANAYİ TİCARET A.Ş.,MEPET,https://cdn.jsdelivr.net/gh/ahmeterenodaci/Istanbul-Stock-Exchange--BIST--including-symbols-and-logos/logos/MEPET.png
MERCAN KİMYA SANAYİ VE TİCARET A.Ş.,MERCN,https://cdn.jsdelivr.net/gh/ahmeterenodaci/Istanbul-Stock-Exchange--BIST--including-symbols-and-logos/logos/MERCN.png
MERİT TURİZM YATIRIM VE İŞLETME A.Ş.,MERIT,https://cdn.jsdelivr.net/gh/ahmeterenodaci/Istanbul-Stock-Exchange--BIST--including-symbols-and-logos/logos/MERIT.png
METRO TİCARİ VE MALİ YATIRIMLAR HOLDİNG A.Ş.,METRO,https://cdn.jsdelivr.net/gh/ahmeterenodaci/Istanbul-Stock-Exchange--BIST--including-symbols-and-logos/logos/METRO.png
METEMTUR YATIRIM ENERJİ TURİZM VE İNŞAAT A.Ş.,METUR,https://cdn.jsdelivr.net/gh/ahmeterenodaci/Istanbul-Stock-Exchange--BIST--including-symbols-and-logos/logos/METUR.png
MİGROS TİCARET A.Ş.,MGROS,https://cdn.jsdelivr.net/gh/ahmeterenodaci/Istanbul-Stock-Exchange--BIST--including-symbols-and-logos/logos/MGROS.png
MİA TEKNOLOJİ A.Ş.,MIATK,https://cdn.jsdelivr.net/gh/ahmeterenodaci/Istanbul-Stock-Exchange--BIST--including-symbols-and-logos/logos/MIATK.png
MİLPA TİCARİ VE SINAİ ÜRÜNLER PAZARLAMA SANAYİ VE TİCARET A.Ş.,MIPAZ,https://cdn.jsdelivr.net/gh/ahmeterenodaci/Istanbul-Stock-Exchange--BIST--including-symbols-and-logos/logos/MIPAZ.png
MMC SANAYİ VE TİCARİ YATIRIMLAR A.Ş.,MMCAS,https://cdn.jsdelivr.net/gh/ahmeterenodaci/Istanbul-Stock-Exchange--BIST--including-symbols-and-logos/logos/MMCAS.png
MENDERES TEKSTİL SANAYİ VE TİCARET A.Ş.,MNDRS,https://cdn.jsdelivr.net/gh/ahmeterenodaci/Istanbul-Stock-Exchange--BIST--including-symbols-and-logos/logos/MNDRS.png
MONDİ TURKEY OLUKLU MUKAVVA KAĞIT VE AMBALAJ SANAYİ A.Ş.,MNDTR,https://cdn.jsdelivr.net/gh/ahmeterenodaci/Istanbul-Stock-Exchange--BIST--including-symbols-and-logos/logos/MNDTR.png
MOBİLTEL İLETİŞİM HİZMETLERİ SANAYİ VE TİCARET A.Ş.,MOBTL,https://cdn.jsdelivr.net/gh/ahmeterenodaci/Istanbul-Stock-Exchange--BIST--including-symbols-and-logos/logos/MOBTL.png
MLP SAĞLIK HİZMETLERİ A.Ş.,MPARK,https://cdn.jsdelivr.net/gh/ahmeterenodaci/Istanbul-Stock-Exchange--BIST--including-symbols-and-logos/logos/MPARK.png
MARSHALL BOYA VE VERNİK SANAYİİ A.Ş.,MRSHL,https://cdn.jsdelivr.net/gh/ahmeterenodaci/Istanbul-Stock-Exchange--BIST--including-symbols-and-logos/logos/MRSHL.png
MİSTRAL GAYRİMENKUL YATIRIM ORTAKLIĞI A.Ş.,MSGYO,https://cdn.jsdelivr.net/gh/ahmeterenodaci/Istanbul-Stock-Exchange--BIST--including-symbols-and-logos/logos/MSGYO.png
MATRİKS BİLGİ DAĞITIM HİZMETLERİ A.Ş.,MTRKS,https://cdn.jsdelivr.net/gh/ahmeterenodaci/Istanbul-Stock-Exchange--BIST--including-symbols-and-logos/logos/MTRKS.png
METRO YATIRIM ORTAKLIĞI A.Ş.,MTRYO,https://cdn.jsdelivr.net/gh/ahmeterenodaci/Istanbul-Stock-Exchange--BIST--including-symbols-and-logos/logos/MTRYO.png
MAZHAR ZORLU HOLDİNG A.Ş.,MZHLD,https://cdn.jsdelivr.net/gh/ahmeterenodaci/Istanbul-Stock-Exchange--BIST--including-symbols-and-logos/logos/MZHLD.png
NATUREL YENİLENEBİLİR ENERJİ TİCARET A.Ş.,NATEN,https://cdn.jsdelivr.net/gh/ahmeterenodaci/Istanbul-Stock-Exchange--BIST--including-symbols-and-logos/logos/NATEN.png
NETAŞ TELEKOMÜNİKASYON A.Ş.,NETAS,https://cdn.jsdelivr.net/gh/ahmeterenodaci/Istanbul-Stock-Exchange--BIST--including-symbols-and-logos/logos/NETAS.png
NİĞBAŞ NİĞDE BETON SANAYİ VE TİCARET A.Ş.,NIBAS,https://cdn.jsdelivr.net/gh/ahmeterenodaci/Istanbul-Stock-Exchange--BIST--including-symbols-and-logos/logos/NIBAS.png
NATURELGAZ SANAYİ VE TİCARET A.Ş.,NTGAZ,https://cdn.jsdelivr.net/gh/ahmeterenodaci/Istanbul-Stock-Exchange--BIST--including-symbols-and-logos/logos/NTGAZ.png
NET HOLDİNG A.Ş.,NTHOL,https://cdn.jsdelivr.net/gh/ahmeterenodaci/Istanbul-Stock-Exchange--BIST--including-symbols-and-logos/logos/NTHOL.png
NUROL GAYRİMENKUL YATIRIM ORTAKLIĞI A.Ş.,NUGYO,https://cdn.jsdelivr.net/gh/ahmeterenodaci/Istanbul-Stock-Exchange--BIST--including-symbols-and-logos/logos/NUGYO.png
NUH ÇİMENTO SANAYİ A.Ş.,NUHCM,https://cdn.jsdelivr.net/gh/ahmeterenodaci/Istanbul-Stock-Exchange--BIST--including-symbols-and-logos/logos/NUHCM.png
OBASE BİLGİSAYAR VE DANIŞMANLIK HİZMETLERİ TİCARET A.Ş.,OBASE,https://cdn.jsdelivr.net/gh/ahmeterenodaci/Istanbul-Stock-Exchange--BIST--including-symbols-and-logos/logos/OBASE.png
ODAŞ ELEKTRİK ÜRETİM SANAYİ TİCARET A.Ş.,ODAS,https://cdn.jsdelivr.net/gh/ahmeterenodaci/Istanbul-Stock-Exchange--BIST--including-symbols-and-logos/logos/ODAS.png
OFİS YEM GIDA SANAYİ TİCARET A.Ş.,OFSYM,https://cdn.jsdelivr.net/gh/ahmeterenodaci/Istanbul-Stock-Exchange--BIST--including-symbols-and-logos/logos/OFSYM.png
ONCOSEM ONKOLOJİK SİSTEMLER SANAYİ VE TİCARET A.Ş.,ONCSM,https://cdn.jsdelivr.net/gh/ahmeterenodaci/Istanbul-Stock-Exchange--BIST--including-symbols-and-logos/logos/ONCSM.png
ORÇAY ORTAKÖY ÇAY SANAYİ VE TİCARET A.Ş.,ORCAY,https://cdn.jsdelivr.net/gh/ahmeterenodaci/Istanbul-Stock-Exchange--BIST--including-symbols-and-logos/logos/ORCAY.png
ORGE ENERJİ ELEKTRİK TAAHHÜT A.Ş.,ORGE,https://cdn.jsdelivr.net/gh/ahmeterenodaci/Istanbul-Stock-Exchange--BIST--including-symbols-and-logos/logos/ORGE.png
ORMA ORMAN MAHSULLERİ İNTEGRE SANAYİ VE TİCARET A.Ş.,ORMA,https://cdn.jsdelivr.net/gh/ahmeterenodaci/Istanbul-Stock-Exchange--BIST--including-symbols-and-logos/logos/ORMA.png
OSMANLI YATIRIM MENKUL DEĞERLER A.Ş.,OSMEN,https://cdn.jsdelivr.net/gh/ahmeterenodaci/Istanbul-Stock-Exchange--BIST--including-symbols-and-logos/logos/OSMEN.png
OSTİM ENDÜSTRİYEL YATIRIMLAR VE İŞLETME A.Ş.,OSTIM,https://cdn.jsdelivr.net/gh/ahmeterenodaci/Istanbul-Stock-Exchange--BIST--including-symbols-and-logos/logos/OSTIM.png
OTOKAR OTOMOTİV VE SAVUNMA SANAYİ A.Ş.,OTKAR,https://cdn.jsdelivr.net/gh/ahmeterenodaci/Istanbul-Stock-Exchange--BIST--including-symbols-and-logos/logos/OTKAR.png
OTTO HOLDİNG A.Ş.,OTTO,https://cdn.jsdelivr.net/gh/ahmeterenodaci/Istanbul-Stock-Exchange--BIST--including-symbols-and-logos/logos/OTTO.png
OYAK ÇİMENTO FABRİKALARI A.Ş.,OYAKC,https://cdn.jsdelivr.net/gh/ahmeterenodaci/Istanbul-Stock-Exchange--BIST--including-symbols-and-logos/logos/OYAKC.png
OYAK YATIRIM ORTAKLIĞI A.Ş.,OYAYO,https://cdn.jsdelivr.net/gh/ahmeterenodaci/Istanbul-Stock-Exchange--BIST--including-symbols-and-logos/logos/OYAYO.png
OYLUM SINAİ YATIRIMLAR A.Ş.,OYLUM,https://cdn.jsdelivr.net/gh/ahmeterenodaci/Istanbul-Stock-Exchange--BIST--including-symbols-and-logos/logos/OYLUM.png
OYAK YATIRIM MENKUL DEĞERLER A.Ş.,OYYAT,https://cdn.jsdelivr.net/gh/ahmeterenodaci/Istanbul-Stock-Exchange--BIST--including-symbols-and-logos/logos/OYYAT.png
ÖZDERİCİ GAYRİMENKUL YATIRIM ORTAKLIĞI A.Ş.,OZGYO,https://cdn.jsdelivr.net/gh/ahmeterenodaci/Istanbul-Stock-Exchange--BIST--including-symbols-and-logos/logos/OZGYO.png
ÖZAK GAYRİMENKUL YATIRIM ORTAKLIĞI A.Ş.,OZKGY,https://cdn.jsdelivr.net/gh/ahmeterenodaci/Istanbul-Stock-Exchange--BIST--including-symbols-and-logos/logos/OZKGY.png
ÖZERDEN AMBALAJ SANAYİ A.Ş.,OZRDN,https://cdn.jsdelivr.net/gh/ahmeterenodaci/Istanbul-Stock-Exchange--BIST--including-symbols-and-logos/logos/OZRDN.png
ÖZSU BALIK ÜRETİM A.Ş.,OZSUB,https://cdn.jsdelivr.net/gh/ahmeterenodaci/Istanbul-Stock-Exchange--BIST--including-symbols-and-logos/logos/OZSUB.png
PANORA GAYRİMENKUL YATIRIM ORTAKLIĞI A.Ş.,PAGYO,https://cdn.jsdelivr.net/gh/ahmeterenodaci/Istanbul-Stock-Exchange--BIST--including-symbols-and-logos/logos/PAGYO.png
PAMEL YENİLENEBİLİR ELEKTRİK ÜRETİM A.Ş.,PAMEL,https://cdn.jsdelivr.net/gh/ahmeterenodaci/Istanbul-Stock-Exchange--BIST--including-symbols-and-logos/logos/PAMEL.png
PAPİLON SAVUNMA TEKNOLOJİ VE TİCARET A.Ş.,PAPIL,https://cdn.jsdelivr.net/gh/ahmeterenodaci/Istanbul-Stock-Exchange--BIST--including-symbols-and-logos/logos/PAPIL.png
PARSAN MAKİNA PARÇALARI SANAYİİ A.Ş.,PARSN,https://cdn.jsdelivr.net/gh/ahmeterenodaci/Istanbul-Stock-Exchange--BIST--including-symbols-and-logos/logos/PARSN.png
PASİFİK EURASİA LOJİSTİK DIŞ TİCARET A.Ş.,PASEU,https://cdn.jsdelivr.net/gh/ahmeterenodaci/Istanbul-Stock-Exchange--BIST--including-symbols-and-logos/logos/PASEU.png
PC İLETİŞİM VE MEDYA HİZMETLERİ SANAYİ TİCARET A.Ş.,PCILT,https://cdn.jsdelivr.net/gh/ahmeterenodaci/Istanbul-Stock-Exchange--BIST--including-symbols-and-logos/logos/PCILT.png
PERA GAYRİMENKUL YATIRIM ORTAKLIĞI A.Ş.,PEGYO,https://cdn.jsdelivr.net/gh/ahmeterenodaci/Istanbul-Stock-Exchange--BIST--including-symbols-and-logos/logos/PEGYO.png
PEKER GAYRİMENKUL YATIRIM ORTAKLIĞI A.Ş.,PEKGY,https://cdn.jsdelivr.net/gh/ahmeterenodaci/Istanbul-Stock-Exchange--BIST--including-symbols-and-logos/logos/PEKGY.png
PENGUEN GIDA SANAYİ A.Ş.,PENGD,https://cdn.jsdelivr.net/gh/ahmeterenodaci/Istanbul-Stock-Exchange--BIST--including-symbols-and-logos/logos/PENGD.png
PENTA TEKNOLOJİ ÜRÜNLERİ DAĞITIM TİCARET A.Ş.,PENTA,https://cdn.jsdelivr.net/gh/ahmeterenodaci/Istanbul-Stock-Exchange--BIST--including-symbols-and-logos/logos/PENTA.png
PETKİM PETROKİMYA HOLDİNG A.Ş.,PETKM,https://cdn.jsdelivr.net/gh/ahmeterenodaci/Istanbul-Stock-Exchange--BIST--including-symbols-and-logos/logos/PETKM.png
PINAR ENTEGRE ET VE UN SANAYİİ A.Ş.,PETUN,https://cdn.jsdelivr.net/gh/ahmeterenodaci/Istanbul-Stock-Exchange--BIST--including-symbols-and-logos/logos/PETUN.png
PEGASUS HAVA TAŞIMACILIĞI A.Ş.,PGSUS,https://cdn.jsdelivr.net/gh/ahmeterenodaci/Istanbul-Stock-Exchange--BIST--including-symbols-and-logos/logos/PGSUS.png
PINAR SU VE İÇECEK SANAYİ VE TİCARET A.Ş.,PINSU,https://cdn.jsdelivr.net/gh/ahmeterenodaci/Istanbul-Stock-Exchange--BIST--including-symbols-and-logos/logos/PINSU.png
PLASTİKKART AKILLI KART İLETİŞİM SİSTEMLERİ SANAYİ VE TİCARET A.Ş.,PKART,https://cdn.jsdelivr.net/gh/ahmeterenodaci/Istanbul-Stock-Exchange--BIST--including-symbols-and-logos/logos/PKART.png
PETROKENT TURİZM A.Ş.,PKENT,https://cdn.jsdelivr.net/gh/ahmeterenodaci/Istanbul-Stock-Exchange--BIST--including-symbols-and-logos/logos/PKENT.png
PLATFORM TURİZM TAŞIMACILIK GIDA İNŞAAT TEMİZLİK HİZMETLERİ SANAYİ VE TİCARET A.Ş.,PLTUR,https://cdn.jsdelivr.net/gh/ahmeterenodaci/Istanbul-Stock-Exchange--BIST--including-symbols-and-logos/logos/PLTUR.png
PANELSAN ÇATI CEPHE SİSTEMLERİ SANAYİ VE TİCARET A.Ş.,PNLSN,https://cdn.jsdelivr.net/gh/ahmeterenodaci/Istanbul-Stock-Exchange--BIST--including-symbols-and-logos/logos/PNLSN.png
PINAR SÜT MAMULLERİ SANAYİİ A.Ş.,PNSUT,https://cdn.jsdelivr.net/gh/ahmeterenodaci/Istanbul-Stock-Exchange--BIST--including-symbols-and-logos/logos/PNSUT.png
POLİSAN HOLDİNG A.Ş.,POLHO,https://cdn.jsdelivr.net/gh/ahmeterenodaci/Istanbul-Stock-Exchange--BIST--including-symbols-and-logos/logos/POLHO.png
POLİTEKNİK METAL SANAYİ VE TİCARET A.Ş.,POLTK,https://cdn.jsdelivr.net/gh/ahmeterenodaci/Istanbul-Stock-Exchange--BIST--including-symbols-and-logos/logos/POLTK.png
PARDUS GİRİŞİM SERMAYESİ YATIRIM ORTAKLIĞI A.Ş.,PRDGS,https://cdn.jsdelivr.net/gh/ahmeterenodaci/Istanbul-Stock-Exchange--BIST--including-symbols-and-logos/logos/PRDGS.png
TÜRK PRYSMİAN KABLO VE SİSTEMLERİ A.Ş.,PRKAB,https://cdn.jsdelivr.net/gh/ahmeterenodaci/Istanbul-Stock-Exchange--BIST--including-symbols-and-logos/logos/PRKAB.png
PARK ELEKTRİK ÜRETİM MADENCİLİK SANAYİ VE TİCARET A.Ş.,PRKME,https://cdn.jsdelivr.net/gh/ahmeterenodaci/Istanbul-Stock-Exchange--BIST--including-symbols-and-logos/logos/PRKME.png
PRİZMA PRES MATBAACILIK YAYINCILIK SANAYİ VE TİCARET A.Ş.,PRZMA,https://cdn.jsdelivr.net/gh/ahmeterenodaci/Istanbul-Stock-Exchange--BIST--including-symbols-and-logos/logos/PRZMA.png
PERGAMON STATUS DIŞ TİCARET A.Ş.,PSDTC,https://cdn.jsdelivr.net/gh/ahmeterenodaci/Istanbul-Stock-Exchange--BIST--including-symbols-and-logos/logos/PSDTC.png
PASİFİK GAYRİMENKUL YATIRIM ORTAKLIĞI A.Ş.,PSGYO,https://cdn.jsdelivr.net/gh/ahmeterenodaci/Istanbul-Stock-Exchange--BIST--including-symbols-and-logos/logos/PSGYO.png
QNB FİNANSBANK A.Ş.,QNBFB,https://cdn.jsdelivr.net/gh/ahmeterenodaci/Istanbul-Stock-Exchange--BIST--including-symbols-and-logos/logos/QNBFB.png
QNB FİNANS FİNANSAL KİRALAMA A.Ş.,QNBFL,https://cdn.jsdelivr.net/gh/ahmeterenodaci/Istanbul-Stock-Exchange--BIST--including-symbols-and-logos/logos/QNBFL.png
QUA GRANITE HAYAL YAPI VE ÜRÜNLERİ SANAYİ TİCARET A.Ş.,QUAGR,https://cdn.jsdelivr.net/gh/ahmeterenodaci/Istanbul-Stock-Exchange--BIST--including-symbols-and-logos/logos/QUAGR.png
RAL YATIRIM HOLDİNG A.Ş.,RALYH,https://cdn.jsdelivr.net/gh/ahmeterenodaci/Istanbul-Stock-Exchange--BIST--including-symbols-and-logos/logos/RALYH.png
RAY SİGORTA A.Ş.,RAYSG,https://cdn.jsdelivr.net/gh/ahmeterenodaci/Istanbul-Stock-Exchange--BIST--including-symbols-and-logos/logos/RAYSG.png
REEDER TEKNOLOJİ SANAYİ VE TİCARET A.Ş.,REEDR,https://cdn.jsdelivr.net/gh/ahmeterenodaci/Istanbul-Stock-Exchange--BIST--including-symbols-and-logos/logos/REEDR.png
RAİNBOW POLİKARBONAT SANAYİ TİCARET A.Ş.,RNPOL,https://cdn.jsdelivr.net/gh/ahmeterenodaci/Istanbul-Stock-Exchange--BIST--including-symbols-and-logos/logos/RNPOL.png
RODRİGO TEKSTİL SANAYİ VE TİCARET A.Ş.,RODRG,https://cdn.jsdelivr.net/gh/ahmeterenodaci/Istanbul-Stock-Exchange--BIST--including-symbols-and-logos/logos/RODRG.png
RTA LABORATUVARLARI BİYOLOJİK ÜRÜNLER İLAÇ VE MAKİNE SANAYİ TİCARET A.Ş.,RTALB,https://cdn.jsdelivr.net/gh/ahmeterenodaci/Istanbul-Stock-Exchange--BIST--including-symbols-and-logos/logos/RTALB.png
RUBENİS TEKSTİL SANAYİ TİCARET A.Ş.,RUBNS,https://cdn.jsdelivr.net/gh/ahmeterenodaci/Istanbul-Stock-Exchange--BIST--including-symbols-and-logos/logos/RUBNS.png
REYSAŞ GAYRİMENKUL YATIRIM ORTAKLIĞI A.Ş.,RYGYO,https://cdn.jsdelivr.net/gh/ahmeterenodaci/Istanbul-Stock-Exchange--BIST--including-symbols-and-logos/logos/RYGYO.png
REYSAŞ TAŞIMACILIK VE LOJİSTİK TİCARET A.Ş.,RYSAS,https://cdn.jsdelivr.net/gh/ahmeterenodaci/Istanbul-Stock-Exchange--BIST--including-symbols-and-logos/logos/RYSAS.png
SAFKAR EGE SOĞUTMACILIK KLİMA SOĞUK HAVA TESİSLERİ İHRACAT İTHALAT SANAYİ VE TİCARET A.Ş.,SAFKR,https://cdn.jsdelivr.net/gh/ahmeterenodaci/Istanbul-Stock-Exchange--BIST--including-symbols-and-logos/logos/SAFKR.png
HACI ÖMER SABANCI HOLDİNG A.Ş.,SAHOL,https://cdn.jsdelivr.net/gh/ahmeterenodaci/Istanbul-Stock-Exchange--BIST--including-symbols-and-logos/logos/SAHOL.png
SARAY MATBAACILIK KAĞITÇILIK KIRTASİYECİLİK TİCARET VE SANAYİ A.Ş.,SAMAT,https://cdn.jsdelivr.net/gh/ahmeterenodaci/Istanbul-Stock-Exchange--BIST--including-symbols-and-logos/logos/SAMAT.png
SAN-EL MÜHENDİSLİK ELEKTRİK TAAHHÜT SANAYİ VE TİCARET A.Ş.,SANEL,https://cdn.jsdelivr.net/gh/ahmeterenodaci/Istanbul-Stock-Exchange--BIST--including-symbols-and-logos/logos/SANEL.png
SANİFOAM ENDÜSTRİ VE TÜKETİM ÜRÜNLERİ SANAYİ TİCARET A.Ş.,SANFM,https://cdn.jsdelivr.net/gh/ahmeterenodaci/Istanbul-Stock-Exchange--BIST--including-symbols-and-logos/logos/SANFM.png
SANKO PAZARLAMA İTHALAT İHRACAT A.Ş.,SANKO,https://cdn.jsdelivr.net/gh/ahmeterenodaci/Istanbul-Stock-Exchange--BIST--including-symbols-and-logos/logos/SANKO.png
SARKUYSAN ELEKTROLİTİK BAKIR SANAYİ VE TİCARET A.Ş.,SARKY,https://cdn.jsdelivr.net/gh/ahmeterenodaci/Istanbul-Stock-Exchange--BIST--including-symbols-and-logos/logos/SARKY.png
SASA POLYESTER SANAYİ A.Ş.,SASA,https://cdn.jsdelivr.net/gh/ahmeterenodaci/Istanbul-Stock-Exchange--BIST--including-symbols-and-logos/logos/SASA.png
SAY YENİLENEBİLİR ENERJİ EKİPMANLARI SANAYİ VE TİCARET A.Ş.,SAYAS,https://cdn.jsdelivr.net/gh/ahmeterenodaci/Istanbul-Stock-Exchange--BIST--including-symbols-and-logos/logos/SAYAS.png
SDT UZAY VE SAVUNMA TEKNOLOJİLERİ A.Ş.,SDTTR,https://cdn.jsdelivr.net/gh/ahmeterenodaci/Istanbul-Stock-Exchange--BIST--including-symbols-and-logos/logos/SDTTR.png
ŞEKER GAYRİMENKUL YATIRIM ORTAKLIĞI A.Ş.,SEGYO,https://cdn.jsdelivr.net/gh/ahmeterenodaci/Istanbul-Stock-Exchange--BIST--including-symbols-and-logos/logos/SEGYO.png
ŞEKER FİNANSAL KİRALAMA A.Ş.,SEKFK,https://cdn.jsdelivr.net/gh/ahmeterenodaci/Istanbul-Stock-Exchange--BIST--including-symbols-and-logos/logos/SEKFK.png
SEKURO PLASTİK AMBALAJ SANAYİ A.Ş.,SEKUR,https://cdn.jsdelivr.net/gh/ahmeterenodaci/Istanbul-Stock-Exchange--BIST--including-symbols-and-logos/logos/SEKUR.png
SELÇUK ECZA DEPOSU TİCARET VE SANAYİ A.Ş.,SELEC,https://cdn.jsdelivr.net/gh/ahmeterenodaci/Istanbul-Stock-Exchange--BIST--including-symbols-and-logos/logos/SELEC.png
SELÇUK GIDA ENDÜSTRİ İHRACAT İTHALAT A.Ş.,SELGD,https://cdn.jsdelivr.net/gh/ahmeterenodaci/Istanbul-Stock-Exchange--BIST--including-symbols-and-logos/logos/SELGD.png
SELVA GIDA SANAYİ A.Ş.,SELVA,https://cdn.jsdelivr.net/gh/ahmeterenodaci/Istanbul-Stock-Exchange--BIST--including-symbols-and-logos/logos/SELVA.png
SEYİTLER KİMYA SANAYİ A.Ş.,SEYKM,https://cdn.jsdelivr.net/gh/ahmeterenodaci/Istanbul-Stock-Exchange--BIST--including-symbols-and-logos/logos/SEYKM.png
SİLVERLİNE ENDÜSTRİ VE TİCARET A.Ş.,SILVR,https://cdn.jsdelivr.net/gh/ahmeterenodaci/Istanbul-Stock-Exchange--BIST--including-symbols-and-logos/logos/SILVR.png
TÜRKİYE ŞİŞE VE CAM FABRİKALARI A.Ş.,SISE,https://cdn.jsdelivr.net/gh/ahmeterenodaci/Istanbul-Stock-Exchange--BIST--including-symbols-and-logos/logos/SISE.png
ŞEKERBANK T.A.Ş.,SKBNK,https://cdn.jsdelivr.net/gh/ahmeterenodaci/Istanbul-Stock-Exchange--BIST--including-symbols-and-logos/logos/SKBNK.png
SÖKTAŞ TEKSTİL SANAYİ VE TİCARET A.Ş.,SKTAS,https://cdn.jsdelivr.net/gh/ahmeterenodaci/Istanbul-Stock-Exchange--BIST--including-symbols-and-logos/logos/SKTAS.png
SMARTİKS YAZILIM A.Ş.,SMART,https://cdn.jsdelivr.net/gh/ahmeterenodaci/Istanbul-Stock-Exchange--BIST--including-symbols-and-logos/logos/SMART.png
SMART GÜNEŞ ENERJİSİ TEKNOLOJİLERİ ARAŞTIRMA GELİŞTİRME ÜRETİM SANAYİ VE TİCARET A.Ş.,SMRTG,https://cdn.jsdelivr.net/gh/ahmeterenodaci/Istanbul-Stock-Exchange--BIST--including-symbols-and-logos/logos/SMRTG.png
SİNPAŞ GAYRİMENKUL YATIRIM ORTAKLIĞI A.Ş.,SNGYO,https://cdn.jsdelivr.net/gh/ahmeterenodaci/Istanbul-Stock-Exchange--BIST--including-symbols-and-logos/logos/SNGYO.png
SANİCA ISI SANAYİ A.Ş.,SNICA,https://cdn.jsdelivr.net/gh/ahmeterenodaci/Istanbul-Stock-Exchange--BIST--including-symbols-and-logos/logos/SNICA.png
SENKRON SİBER GÜVENLİK YAZILIM VE BİLİŞİM ÇÖZÜMLERİ A.Ş.,SNKRN,https://cdn.jsdelivr.net/gh/ahmeterenodaci/Istanbul-Stock-Exchange--BIST--including-symbols-and-logos/logos/SNKRN.png
SÖNMEZ PAMUKLU SANAYİİ A.Ş.,SNPAM,https://cdn.jsdelivr.net/gh/ahmeterenodaci/Istanbul-Stock-Exchange--BIST--including-symbols-and-logos/logos/SNPAM.png
SODAŞ SODYUM SANAYİİ A.Ş.,SODSN,https://cdn.jsdelivr.net/gh/ahmeterenodaci/Istanbul-Stock-Exchange--BIST--including-symbols-and-logos/logos/SODSN.png
SÖKE DEĞİRMENCİLİK SANAYİ VE TİCARET A.Ş.,SOKE,https://cdn.jsdelivr.net/gh/ahmeterenodaci/Istanbul-Stock-Exchange--BIST--including-symbols-and-logos/logos/SOKE.png
ŞOK MARKETLER TİCARET A.Ş.,SOKM,https://cdn.jsdelivr.net/gh/ahmeterenodaci/Istanbul-Stock-Exchange--BIST--including-symbols-and-logos/logos/SOKM.png
SÖNMEZ FİLAMENT SENTETİK İPLİK VE ELYAF SANAYİ A.Ş.,SONME,https://cdn.jsdelivr.net/gh/ahmeterenodaci/Istanbul-Stock-Exchange--BIST--including-symbols-and-logos/logos/SONME.png
SERVET GAYRİMENKUL YATIRIM ORTAKLIĞI A.Ş.,SRVGY,https://cdn.jsdelivr.net/gh/ahmeterenodaci/Istanbul-Stock-Exchange--BIST--including-symbols-and-logos/logos/SRVGY.png
SUMAŞ SUNİ TAHTA VE MOBİLYA SANAYİ A.Ş.,SUMAS,https://cdn.jsdelivr.net/gh/ahmeterenodaci/Istanbul-Stock-Exchange--BIST--including-symbols-and-logos/logos/SUMAS.png
SUN TEKSTİL SANAYİ VE TİCARET A.Ş.,SUNTK,https://cdn.jsdelivr.net/gh/ahmeterenodaci/Istanbul-Stock-Exchange--BIST--including-symbols-and-logos/logos/SUNTK.png
SUWEN TEKSTİL SANAYİ PAZARLAMA A.Ş.,SUWEN,https://cdn.jsdelivr.net/gh/ahmeterenodaci/Istanbul-Stock-Exchange--BIST--including-symbols-and-logos/logos/SUWEN.png
TARKİM BİTKİ KORUMA SANAYİ VE TİCARET A.Ş.,TARKM,https://cdn.jsdelivr.net/gh/ahmeterenodaci/Istanbul-Stock-Exchange--BIST--including-symbols-and-logos/logos/TARKM.png
TATLIPINAR ENERJİ ÜRETİM A.Ş.,TATEN,https://cdn.jsdelivr.net/gh/ahmeterenodaci/Istanbul-Stock-Exchange--BIST--including-symbols-and-logos/logos/TATEN.png
TAT GIDA SANAYİ A.Ş.,TATGD,https://cdn.jsdelivr.net/gh/ahmeterenodaci/Istanbul-Stock-Exchange--BIST--including-symbols-and-logos/logos/TATGD.png
TAV HAVALİMANLARI HOLDİNG A.Ş.,TAVHL,https://cdn.jsdelivr.net/gh/ahmeterenodaci/Istanbul-Stock-Exchange--BIST--including-symbols-and-logos/logos/TAVHL.png
TÜRK TUBORG BİRA VE MALT SANAYİİ A.Ş.,TBORG,https://cdn.jsdelivr.net/gh/ahmeterenodaci/Istanbul-Stock-Exchange--BIST--including-symbols-and-logos/logos/TBORG.png
TURKCELL İLETİŞİM HİZMETLERİ A.Ş.,TCELL,https://cdn.jsdelivr.net/gh/ahmeterenodaci/Istanbul-Stock-Exchange--BIST--including-symbols-and-logos/logos/TCELL.png
TREND GAYRİMENKUL YATIRIM ORTAKLIĞI A.Ş.,TDGYO,https://cdn.jsdelivr.net/gh/ahmeterenodaci/Istanbul-Stock-Exchange--BIST--including-symbols-and-logos/logos/TDGYO.png
TEK-ART İNŞAAT TİCARET TURİZM SANAYİ VE YATIRIMLAR A.Ş.,TEKTU,https://cdn.jsdelivr.net/gh/ahmeterenodaci/Istanbul-Stock-Exchange--BIST--including-symbols-and-logos/logos/TEKTU.png
TERA YATIRIM MENKUL DEĞERLER A.Ş.,TERA,https://cdn.jsdelivr.net/gh/ahmeterenodaci/Istanbul-Stock-Exchange--BIST--including-symbols-and-logos/logos/TERA.png
TETAMAT GIDA YATIRIMLARI A.Ş.,TETMT,https://cdn.jsdelivr.net/gh/ahmeterenodaci/Istanbul-Stock-Exchange--BIST--including-symbols-and-logos/logos/TETMT.png
EUROPAP TEZOL KAĞIT SANAYİ VE TİCARET A.Ş.,TEZOL,https://cdn.jsdelivr.net/gh/ahmeterenodaci/Istanbul-Stock-Exchange--BIST--including-symbols-and-logos/logos/TEZOL.png
TGS DIŞ TİCARET A.Ş.,TGSAS,https://cdn.jsdelivr.net/gh/ahmeterenodaci/Istanbul-Stock-Exchange--BIST--including-symbols-and-logos/logos/TGSAS.png
TÜRK HAVA YOLLARI A.O.,THYAO,https://cdn.jsdelivr.net/gh/ahmeterenodaci/Istanbul-Stock-Exchange--BIST--including-symbols-and-logos/logos/THYAO.png
TEKFEN HOLDİNG A.Ş.,TKFEN,https://cdn.jsdelivr.net/gh/ahmeterenodaci/Istanbul-Stock-Exchange--BIST--including-symbols-and-logos/logos/TKFEN.png
TEKNOSA İÇ VE DIŞ TİCARET A.Ş.,TKNSA,https://cdn.jsdelivr.net/gh/ahmeterenodaci/Istanbul-Stock-Exchange--BIST--including-symbols-and-logos/logos/TKNSA.png
TRABZON LİMAN İŞLETMECİLİĞİ A.Ş.,TLMAN,https://cdn.jsdelivr.net/gh/ahmeterenodaci/Istanbul-Stock-Exchange--BIST--including-symbols-and-logos/logos/TLMAN.png
TEMAPOL POLİMER PLASTİK VE İNŞAAT SANAYİ TİCARET A.Ş.,TMPOL,https://cdn.jsdelivr.net/gh/ahmeterenodaci/Istanbul-Stock-Exchange--BIST--including-symbols-and-logos/logos/TMPOL.png
TÜMOSAN MOTOR VE TRAKTÖR SANAYİ A.Ş.,TMSN,https://cdn.jsdelivr.net/gh/ahmeterenodaci/Istanbul-Stock-Exchange--BIST--including-symbols-and-logos/logos/TMSN.png
TAPDİ OKSİJEN ÖZEL SAĞLIK VE EĞİTİM HİZMETLERİ SANAYİ TİCARET A.Ş.,TNZTP,https://cdn.jsdelivr.net/gh/ahmeterenodaci/Istanbul-Stock-Exchange--BIST--including-symbols-and-logos/logos/TNZTP.png
TOFAŞ TÜRK OTOMOBİL FABRİKASI A.Ş.,TOASO,https://cdn.jsdelivr.net/gh/ahmeterenodaci/Istanbul-Stock-Exchange--BIST--including-symbols-and-logos/logos/TOASO.png
TURCAS PETROL A.Ş.,TRCAS,https://cdn.jsdelivr.net/gh/ahmeterenodaci/Istanbul-Stock-Exchange--BIST--including-symbols-and-logos/logos/TRCAS.png
TORUNLAR GAYRİMENKUL YATIRIM ORTAKLIĞI A.Ş.,TRGYO,https://cdn.jsdelivr.net/gh/ahmeterenodaci/Istanbul-Stock-Exchange--BIST--including-symbols-and-logos/logos/TRGYO.png
TURK İLAÇ VE SERUM SANAYİ A.Ş.,TRILC,https://cdn.jsdelivr.net/gh/ahmeterenodaci/Istanbul-Stock-Exchange--BIST--including-symbols-and-logos/logos/TRILC.png
TSKB GAYRİMENKUL YATIRIM ORTAKLIĞI A.Ş.,TSGYO,https://cdn.jsdelivr.net/gh/ahmeterenodaci/Istanbul-Stock-Exchange--BIST--including-symbols-and-logos/logos/TSGYO.png
TÜRKİYE SINAİ KALKINMA BANKASI A.Ş.,TSKB,https://cdn.jsdelivr.net/gh/ahmeterenodaci/Istanbul-Stock-Exchange--BIST--including-symbols-and-logos/logos/TSKB.png
TÜRK TELEKOMÜNİKASYON A.Ş.,TTKOM,https://cdn.jsdelivr.net/gh/ahmeterenodaci/Istanbul-Stock-Exchange--BIST--including-symbols-and-logos/logos/TTKOM.png
TÜRK TRAKTÖR VE ZİRAAT MAKİNELERİ A.Ş.,TTRAK,https://cdn.jsdelivr.net/gh/ahmeterenodaci/Istanbul-Stock-Exchange--BIST--including-symbols-and-logos/logos/TTRAK.png
TUĞÇELİK ALÜMİNYUM VE METAL MAMÜLLERİ SANAYİ VE TİCARET A.Ş.,TUCLK,https://cdn.jsdelivr.net/gh/ahmeterenodaci/Istanbul-Stock-Exchange--BIST--including-symbols-and-logos/logos/TUCLK.png
TUKAŞ GIDA SANAYİ VE TİCARET A.Ş.,TUKAS,https://cdn.jsdelivr.net/gh/ahmeterenodaci/Istanbul-Stock-Exchange--BIST--including-symbols-and-logos/logos/TUKAS.png
TÜPRAŞ-TÜRKİYE PETROL RAFİNERİLERİ A.Ş.,TUPRS,https://cdn.jsdelivr.net/gh/ahmeterenodaci/Istanbul-Stock-Exchange--BIST--including-symbols-and-logos/logos/TUPRS.png
TUREKS TURİZM TAŞIMACILIK A.Ş.,TUREX,https://cdn.jsdelivr.net/gh/ahmeterenodaci/Istanbul-Stock-Exchange--BIST--including-symbols-and-logos/logos/TUREX.png
TÜRKER PROJE GAYRİMENKUL VE YATIRIM GELİŞTİRME A.Ş.,TURGG,https://cdn.jsdelivr.net/gh/ahmeterenodaci/Istanbul-Stock-Exchange--BIST--including-symbols-and-logos/logos/TURGG.png
TÜRKİYE SİGORTA A.Ş.,TURSG,https://cdn.jsdelivr.net/gh/ahmeterenodaci/Istanbul-Stock-Exchange--BIST--including-symbols-and-logos/logos/TURSG.png
UFUK YATIRIM YÖNETİM VE GAYRİMENKUL A.Ş.,UFUK,https://cdn.jsdelivr.net/gh/ahmeterenodaci/Istanbul-Stock-Exchange--BIST--including-symbols-and-logos/logos/UFUK.png
ULAŞLAR TURİZM ENERJİ TARIM GIDA VE İNŞAAT YATIRIMLARI A.Ş.,ULAS,https://cdn.jsdelivr.net/gh/ahmeterenodaci/Istanbul-Stock-Exchange--BIST--including-symbols-and-logos/logos/ULAS.png
ÜLKER BİSKÜVİ SANAYİ A.Ş.,ULKER,https://cdn.jsdelivr.net/gh/ahmeterenodaci/Istanbul-Stock-Exchange--BIST--including-symbols-and-logos/logos/ULKER.png
ULUSAL FAKTORİNG A.Ş.,ULUFA,https://cdn.jsdelivr.net/gh/ahmeterenodaci/Istanbul-Stock-Exchange--BIST--including-symbols-and-logos/logos/ULUFA.png
ULUSOY ELEKTRİK İMALAT TAAHHÜT VE TİCARET A.Ş.,ULUSE,https://cdn.jsdelivr.net/gh/ahmeterenodaci/Istanbul-Stock-Exchange--BIST--including-symbols-and-logos/logos/ULUSE.png
ULUSOY UN SANAYİ VE TİCARET A.Ş.,ULUUN,https://cdn.jsdelivr.net/gh/ahmeterenodaci/Istanbul-Stock-Exchange--BIST--including-symbols-and-logos/logos/ULUUN.png
UMPAŞ HOLDİNG A.Ş.,UMPAS,https://cdn.jsdelivr.net/gh/ahmeterenodaci/Istanbul-Stock-Exchange--BIST--including-symbols-and-logos/logos/UMPAS.png
ÜNLÜ YATIRIM HOLDİNG A.Ş.,UNLU,https://cdn.jsdelivr.net/gh/ahmeterenodaci/Istanbul-Stock-Exchange--BIST--including-symbols-and-logos/logos/UNLU.png
UŞAK SERAMİK SANAYİ A.Ş.,USAK,https://cdn.jsdelivr.net/gh/ahmeterenodaci/Istanbul-Stock-Exchange--BIST--including-symbols-and-logos/logos/USAK.png
UZERTAŞ BOYA SANAYİ TİCARET VE YATIRIM A.Ş.,UZERB,https://cdn.jsdelivr.net/gh/ahmeterenodaci/Istanbul-Stock-Exchange--BIST--including-symbols-and-logos/logos/UZERB.png
TÜRKİYE VAKIFLAR BANKASI T.A.O.,VAKBN,https://cdn.jsdelivr.net/gh/ahmeterenodaci/Istanbul-Stock-Exchange--BIST--including-symbols-and-logos/logos/VAKBN.png
VAKIF FİNANSAL KİRALAMA A.Ş.,VAKFN,https://cdn.jsdelivr.net/gh/ahmeterenodaci/Istanbul-Stock-Exchange--BIST--including-symbols-and-logos/logos/VAKFN.png
VAKKO TEKSTİL VE HAZIR GİYİM SANAYİ İŞLETMELERİ A.Ş.,VAKKO,https://cdn.jsdelivr.net/gh/ahmeterenodaci/Istanbul-Stock-Exchange--BIST--including-symbols-and-logos/logos/VAKKO.png
VANET GIDA SANAYİ İÇ VE DIŞ TİCARET A.Ş.,VANGD,https://cdn.jsdelivr.net/gh/ahmeterenodaci/Istanbul-Stock-Exchange--BIST--including-symbols-and-logos/logos/VANGD.png
VBT YAZILIM A.Ş.,VBTYZ,https://cdn.jsdelivr.net/gh/ahmeterenodaci/Istanbul-Stock-Exchange--BIST--including-symbols-and-logos/logos/VBTYZ.png
VERUSATURK GİRİŞİM SERMAYESİ YATIRIM ORTAKLIĞI A.Ş.,VERTU,https://cdn.jsdelivr.net/gh/ahmeterenodaci/Istanbul-Stock-Exchange--BIST--including-symbols-and-logos/logos/VERTU.png
VERUSA HOLDİNG A.Ş.,VERUS,https://cdn.jsdelivr.net/gh/ahmeterenodaci/Istanbul-Stock-Exchange--BIST--including-symbols-and-logos/logos/VERUS.png
VESTEL BEYAZ EŞYA SANAYİ VE TİCARET A.Ş.,VESBE,https://cdn.jsdelivr.net/gh/ahmeterenodaci/Istanbul-Stock-Exchange--BIST--including-symbols-and-logos/logos/VESBE.png
VESTEL ELEKTRONİK SANAYİ VE TİCARET A.Ş.,VESTL,https://cdn.jsdelivr.net/gh/ahmeterenodaci/Istanbul-Stock-Exchange--BIST--including-symbols-and-logos/logos/VESTL.png
VAKIF MENKUL KIYMET YATIRIM ORTAKLIĞI A.Ş.,VKFYO,https://cdn.jsdelivr.net/gh/ahmeterenodaci/Istanbul-Stock-Exchange--BIST--including-symbols-and-logos/logos/VKFYO.png
VAKIF GAYRİMENKUL YATIRIM ORTAKLIĞI A.Ş.,VKGYO,https://cdn.jsdelivr.net/gh/ahmeterenodaci/Istanbul-Stock-Exchange--BIST--including-symbols-and-logos/logos/VKGYO.png
VİKİNG KAĞIT VE SELÜLOZ A.Ş.,VKING,https://cdn.jsdelivr.net/gh/ahmeterenodaci/Istanbul-Stock-Exchange--BIST--including-symbols-and-logos/logos/VKING.png
YAPRAK SÜT VE BESİ ÇİFTLİKLERİ SANAYİ VE TİCARET A.Ş.,YAPRK,https://cdn.jsdelivr.net/gh/ahmeterenodaci/Istanbul-Stock-Exchange--BIST--including-symbols-and-logos/logos/YAPRK.png
YATAŞ YATAK VE YORGAN SANAYİ TİCARET A.Ş.,YATAS,https://cdn.jsdelivr.net/gh/ahmeterenodaci/Istanbul-Stock-Exchange--BIST--including-symbols-and-logos/logos/YATAS.png
YAYLA ENERJİ ÜRETİM TURİZM VE İNŞAAT TİCARET A.Ş.,YAYLA,https://cdn.jsdelivr.net/gh/ahmeterenodaci/Istanbul-Stock-Exchange--BIST--including-symbols-and-logos/logos/YAYLA.png
YİBİTAŞ YOZGAT İŞÇİ BİRLİĞİ İNŞAAT MALZEMELERİ TİCARET VE SANAYİ A.Ş.,YBTAS,https://cdn.jsdelivr.net/gh/ahmeterenodaci/Istanbul-Stock-Exchange--BIST--including-symbols-and-logos/logos/YBTAS.png
YEO TEKNOLOJİ ENERJİ VE ENDÜSTRİ A.Ş.,YEOTK,https://cdn.jsdelivr.net/gh/ahmeterenodaci/Istanbul-Stock-Exchange--BIST--including-symbols-and-logos/logos/YEOTK.png
YEŞİL YATIRIM HOLDİNG A.Ş.,YESIL,https://cdn.jsdelivr.net/gh/ahmeterenodaci/Istanbul-Stock-Exchange--BIST--including-symbols-and-logos/logos/YESIL.png
YENİ GİMAT GAYRİMENKUL YATIRIM ORTAKLIĞI A.Ş.,YGGYO,https://cdn.jsdelivr.net/gh/ahmeterenodaci/Istanbul-Stock-Exchange--BIST--including-symbols-and-logos/logos/YGGYO.png
YEŞİL GAYRİMENKUL YATIRIM ORTAKLIĞI A.Ş.,YGYO,https://cdn.jsdelivr.net/gh/ahmeterenodaci/Istanbul-Stock-Exchange--BIST--including-symbols-and-logos/logos/YGYO.png
YAPI VE KREDİ BANKASI A.Ş.,YKBNK,https://cdn.jsdelivr.net/gh/ahmeterenodaci/Istanbul-Stock-Exchange--BIST--including-symbols-and-logos/logos/YKBNK.png
YÜKSELEN ÇELİK A.Ş.,YKSLN,https://cdn.jsdelivr.net/gh/ahmeterenodaci/Istanbul-Stock-Exchange--BIST--including-symbols-and-logos/logos/YKSLN.png
YONGA MOBİLYA SANAYİ VE TİCARET A.Ş.,YONGA,https://cdn.jsdelivr.net/gh/ahmeterenodaci/Istanbul-Stock-Exchange--BIST--including-symbols-and-logos/logos/YONGA.png
YÜNSA YÜNLÜ SANAYİ VE TİCARET A.Ş.,YUNSA,https://cdn.jsdelivr.net/gh/ahmeterenodaci/Istanbul-Stock-Exchange--BIST--including-symbols-and-logos/logos/YUNSA.png
YEŞİL YAPI ENDÜSTRİSİ A.Ş.,YYAPI,https://cdn.jsdelivr.net/gh/ahmeterenodaci/Istanbul-Stock-Exchange--BIST--including-symbols-and-logos/logos/YYAPI.png
YAYLA AGRO GIDA SANAYİ VE TİCARET A.Ş.,YYLGD,https://cdn.jsdelivr.net/gh/ahmeterenodaci/Istanbul-Stock-Exchange--BIST--including-symbols-and-logos/logos/YYLGD.png
ZEDUR ENERJİ ELEKTRİK ÜRETİM A.Ş.,ZEDUR,https://cdn.jsdelivr.net/gh/ahmeterenodaci/Istanbul-Stock-Exchange--BIST--including-symbols-and-logos/logos/ZEDUR.png
ZORLU ENERJİ ELEKTRİK ÜRETİM A.Ş.,ZOREN,https://cdn.jsdelivr.net/gh/ahmeterenodaci/Istanbul-Stock-Exchange--BIST--including-symbols-and-logos/logos/ZOREN.png
ZİRAAT GAYRİMENKUL YATIRIM ORTAKLIĞI A.Ş.,ZRGYO,https://cdn.jsdelivr.net/gh/ahmeterenodaci/Istanbul-Stock-Exchange--BIST--including-symbols-and-logos/logos/ZRGYO.png
